name,observed_version,requested_version,request_matches,role,delivery,artifact,metadata_sha256,source,license_metadata,license_files,modification,required_notices,status
accelerate,1.12.0,accelerate==1.12.0,True,direct-request,B-candidate,python-3.12.10-embed-amd64/Lib/site-packages/accelerate,31d880e2aa1eaffb50dfecb62bc81d53f0262ed19ff374e7ff7a76b41b87c6b8,https://pypi.org/pypi/accelerate/1.12.0/json,License :: OSI Approved :: Apache Software License,accelerate-1.12.0.dist-info/licenses/LICENSE sha256=c71d239df91726fc519c6eb72d318ec65820627232b2f796219e87dcf35d0ab4,not-byte-compared-except-imageio-ffmpeg,review actual wheel license and bundled native libraries,待核实
aiohappyeyeballs,2.6.1,not-requested,not-applicable,extra-observed-not-proven-product-dependency,C-observed-extra,python-3.12.10-embed-amd64/Lib/site-packages/aiohappyeyeballs,3525e5849c007e2dfcd1e123028ec14383ff4d56a5f718b4aa4c995a26ccb153,https://pypi.org/pypi/aiohappyeyeballs/2.6.1/json,License :: OSI Approved :: Python Software Foundation License,aiohappyeyeballs-2.6.1.dist-info/LICENSE sha256=3b2f81fe21d181c499c59a256c8e1968455d6689d269aa85373bfb6af41da3bf,not-byte-compared-except-imageio-ffmpeg,review actual wheel license and bundled native libraries,待核实
aiohttp,3.13.3,not-requested,not-applicable,extra-observed-not-proven-product-dependency,C-observed-extra,python-3.12.10-embed-amd64/Lib/site-packages/aiohttp,09044e6424ad868f9e6fbc62148b80ce3df426eba9114fe31e96031621bf1e13,https://pypi.org/pypi/aiohttp/3.13.3/json,Apache-2.0 AND MIT,aiohttp-3.13.3.dist-info/licenses/LICENSE.txt sha256=c1493e9f10d59d1fba9f9df28008e1557e33cf9fbac8ce1263aa3393982803de; aiohttp-3.13.3.dist-info/licenses/vendor/llhttp/LICENSE sha256=6ddfa628db76d2d87b8968bafbad60f51c4ec88100dd7bb96f97216d88af0808,not-byte-compared-except-imageio-ffmpeg,review actual wheel license and bundled native libraries,待核实
aiosignal,1.4.0,not-requested,not-applicable,extra-observed-not-proven-product-dependency,C-observed-extra,python-3.12.10-embed-amd64/Lib/site-packages/aiosignal,09247ef1da8bc696728d47130e702e4307f6f7d101d6c485bff9f3a71ce7008d,https://pypi.org/pypi/aiosignal/1.4.0/json,License :: OSI Approved :: Apache Software License,aiosignal-1.4.0.dist-info/licenses/LICENSE sha256=6fd5243e92dd7f98ec69c7ac377728e74905709ff527a5bf98d6d0263c04f5b6,not-byte-compared-except-imageio-ffmpeg,review actual wheel license and bundled native libraries,待核实
annotated-doc,0.0.4,not-requested,not-applicable,extra-observed-not-proven-product-dependency,C-observed-extra,python-3.12.10-embed-amd64/Lib/site-packages/annotated-doc,22b9b9289b9adf7758daa28a02327e3a129a5415487f01467a3fdd49edd9d535,https://pypi.org/pypi/annotated-doc/0.0.4/json,MIT,annotated_doc-0.0.4.dist-info/licenses/LICENSE sha256=fff170779a6acbf65abdb405c087f1cee1786691e4a96a4034517e4a504a0cdf,not-byte-compared-except-imageio-ffmpeg,review actual wheel license and bundled native libraries,待核实
annotated-types,0.7.0,not-requested,not-applicable,extra-observed-not-proven-product-dependency,C-observed-extra,python-3.12.10-embed-amd64/Lib/site-packages/annotated-types,ee5b6ac64b09274c026051813484025939564067801f485115d9cadc207cf791,https://pypi.org/pypi/annotated-types/0.7.0/json,License :: OSI Approved :: MIT License,annotated_types-0.7.0.dist-info/licenses/LICENSE sha256=fe1049884b1a0d9342901e88e07f32925d24b3121d9972b6a6805fb9824b095d,not-byte-compared-except-imageio-ffmpeg,review actual wheel license and bundled native libraries,待核实
anyio,4.13.0,not-requested,not-applicable,extra-observed-not-proven-product-dependency,C-observed-extra,python-3.12.10-embed-amd64/Lib/site-packages/anyio,1741187e23e5993470989376264b4dc4983518d9e5d301e1cce5a6cfba45be33,https://pypi.org/pypi/anyio/4.13.0/json,MIT,anyio-4.13.0.dist-info/licenses/LICENSE sha256=5361ac9dc58f2ef5fd2e9b09c68297c17f04950909bbc8023bdb82eacf22c2b0,not-byte-compared-except-imageio-ffmpeg,review actual wheel license and bundled native libraries,待核实
attrs,25.4.0,not-requested,not-applicable,extra-observed-not-proven-product-dependency,C-observed-extra,python-3.12.10-embed-amd64/Lib/site-packages/attrs,d917abc63eda81c311c62c1d92dea50b682ea870269062821f5de75962bb6684,https://pypi.org/pypi/attrs/25.4.0/json,MIT,attrs-25.4.0.dist-info/licenses/LICENSE sha256=882115c95dfc2af1eeb6714f8ec6d5cbcabf667caff8729f42420da63f714e9f,not-byte-compared-except-imageio-ffmpeg,review actual wheel license and bundled native libraries,待核实
audioread,3.1.0,transitive-not-pinned,not-applicable,observed-dependency-closure,B-candidate,python-3.12.10-embed-amd64/Lib/site-packages/audioread,fb8bd8b902ba9ba56d0f9b11caf031819b12fd5d1c59815e3776598d291f6846,https://pypi.org/pypi/audioread/3.1.0/json,MIT,audioread-3.1.0.dist-info/licenses/LICENSE sha256=e00fff68a75a582132842e33426730699255986f1dec362252f7423db027019d,not-byte-compared-except-imageio-ffmpeg,review actual wheel license and bundled native libraries,待核实
blinker,1.9.0,transitive-not-pinned,not-applicable,observed-dependency-closure,B-candidate,python-3.12.10-embed-amd64/Lib/site-packages/blinker,b8846233cc238db1e40ad6c2c93bdcb54dfb200664d2411ee64c4095dd5dbf30,https://pypi.org/pypi/blinker/1.9.0/json,License :: OSI Approved :: MIT License,blinker-1.9.0.dist-info/LICENSE.txt sha256=9eb73a1f38597a4aa17025d2ae1be3839624c795e985d4f0e9769ce29faca467,not-byte-compared-except-imageio-ffmpeg,review actual wheel license and bundled native libraries,待核实
brotli,1.2.0,not-requested,not-applicable,extra-observed-not-proven-product-dependency,C-observed-extra,python-3.12.10-embed-amd64/Lib/site-packages/brotli,f9d12d5184b5090b146b2e5f0d62931521b2b1435ea466433a239bb7c41fc962,https://pypi.org/pypi/brotli/1.2.0/json,MIT,brotli-1.2.0.dist-info/licenses/LICENSE sha256=60ae0f13e76cc2eaaa108677eefa4ce16b647f6bbe8cf0a1ac9429d82eca7248,not-byte-compared-except-imageio-ffmpeg,review actual wheel license and bundled native libraries,待核实
certifi,2026.2.25,transitive-not-pinned,not-applicable,observed-dependency-closure,B-candidate,python-3.12.10-embed-amd64/Lib/site-packages/certifi,e0d32e197760fe1062440de968a55761c0e61375571015b14ef08bdb1943c8f5,https://pypi.org/pypi/certifi/2026.2.25/json,License :: OSI Approved :: Mozilla Public License 2.0 (MPL 2.0),certifi-2026.2.25.dist-info/licenses/LICENSE sha256=e93716da6b9c0d5a4a1df60fe695b370f0695603d21f6f83f053e42cfc10caf7,not-byte-compared-except-imageio-ffmpeg,review actual wheel license and bundled native libraries,待核实
cffi,2.0.0,transitive-not-pinned,not-applicable,observed-dependency-closure,B-candidate,python-3.12.10-embed-amd64/Lib/site-packages/cffi,b98ce7e3417af089bc12d5c73412d9b3b1683ccf8ec73c986c35ac8c9be1ba39,https://pypi.org/pypi/cffi/2.0.0/json,MIT,cffi-2.0.0.dist-info/licenses/LICENSE sha256=5ba24ddc57067f9249add644c3afc41a5d6dc37e23433ef759d95df370b0af63,not-byte-compared-except-imageio-ffmpeg,review actual wheel license and bundled native libraries,待核实
charset-normalizer,3.4.6,transitive-not-pinned,not-applicable,observed-dependency-closure,B-candidate,python-3.12.10-embed-amd64/Lib/site-packages/charset-normalizer,764f6c4c0f7937e8fc981796b929e3c3ace80186d8f49eef896dc9ba485df12e,https://pypi.org/pypi/charset-normalizer/3.4.6/json,MIT,charset_normalizer-3.4.6.dist-info/licenses/LICENSE sha256=18577485d3704f1a479ded8e573c0976cfed315fd2fd17983fa988da4c2f70d1,not-byte-compared-except-imageio-ffmpeg,review actual wheel license and bundled native libraries,待核实
click,8.3.1,transitive-not-pinned,not-applicable,observed-dependency-closure,B-candidate,python-3.12.10-embed-amd64/Lib/site-packages/click,5d9781acc004d2085313cf128dfad20ee4b2342a413e9971251d6d6f00fda198,https://pypi.org/pypi/click/8.3.1/json,BSD-3-Clause,click-8.3.1.dist-info/licenses/LICENSE.txt sha256=9a8ad106a394e853bfe21f42f4e72d592819a22805d991b5f3275029292b658d,not-byte-compared-except-imageio-ffmpeg,review actual wheel license and bundled native libraries,待核实
colorama,0.4.6,transitive-not-pinned,not-applicable,observed-dependency-closure,B-candidate,python-3.12.10-embed-amd64/Lib/site-packages/colorama,7baed29eb50c3b29bdb33ff84e3177bf1bc05784f7685ecdcaa4471c7dd810cc,https://pypi.org/pypi/colorama/0.4.6/json,License :: OSI Approved :: BSD License,colorama-0.4.6.dist-info/licenses/LICENSE.txt sha256=cac35c02686e5d04a5a7140bfb3b36e73aed496656e891102e428886d7930318,not-byte-compared-except-imageio-ffmpeg,review actual wheel license and bundled native libraries,待核实
coloredlogs,15.0.1,transitive-not-pinned,not-applicable,observed-dependency-closure,B-candidate,python-3.12.10-embed-amd64/Lib/site-packages/coloredlogs,1663baba746f35eefb249d945345d88566cc4f3643863eb31a91258c3cac674c,https://pypi.org/pypi/coloredlogs/15.0.1/json,License :: OSI Approved :: MIT License,coloredlogs-15.0.1.dist-info/LICENSE.txt sha256=0bef4ffb1855b65570304f2018c6d44e4bab97bd5df8716ecd7800014d717267,not-byte-compared-except-imageio-ffmpeg,review actual wheel license and bundled native libraries,待核实
decorator,5.3.1,transitive-not-pinned,not-applicable,observed-dependency-closure,B-candidate,python-3.12.10-embed-amd64/Lib/site-packages/decorator,2133792485403bbd739e1db5960228bedbcde6d00c0acc052b27f39dbae5b5c4,https://pypi.org/pypi/decorator/5.3.1/json,BSD-2-Clause,decorator-5.3.1.dist-info/licenses/LICENSE.txt sha256=bd12cc51405c10872497c10ca21601f1d4abc50496595cc89e89ab5dad24fb62,not-byte-compared-except-imageio-ffmpeg,review actual wheel license and bundled native libraries,待核实
edge-tts,7.2.7,not-requested,not-applicable,extra-observed-not-proven-product-dependency,C-observed-extra,python-3.12.10-embed-amd64/Lib/site-packages/edge-tts,59d640150c1150b40730c05752a151e6979a32733b6b5b842cf3fcd7cdefdd84,https://pypi.org/pypi/edge-tts/7.2.7/json,License :: OSI Approved :: GNU Lesser General Public License v3 (LGPLv3),edge_tts-7.2.7.dist-info/licenses/LICENSE sha256=3613045a46a5bce847f80eadbbf013e4260ef19d728ffd061d61e792689ec3a8,not-byte-compared-except-imageio-ffmpeg,review actual wheel license and bundled native libraries,待核实
einops,0.8.2,einops==0.8.2,True,direct-request,B-candidate,python-3.12.10-embed-amd64/Lib/site-packages/einops,0bd65db043688a44f4a29608c1cba521c932f7ff76f238bbd869441e15012653,https://pypi.org/pypi/einops/0.8.2/json,License :: OSI Approved :: MIT License,einops-0.8.2.dist-info/licenses/LICENSE sha256=30d984364296f51ffaecad4b01ee127e95250c5068918d4b66fc96206723e434,not-byte-compared-except-imageio-ffmpeg,review actual wheel license and bundled native libraries,待核实
fastapi,0.136.1,not-requested,not-applicable,extra-observed-not-proven-product-dependency,C-observed-extra,python-3.12.10-embed-amd64/Lib/site-packages/fastapi,e2e9a1d58f484d775a3b0333e65dfc593ca39b7e1e1fd9573d2d5b18ea07beac,https://pypi.org/pypi/fastapi/0.136.1/json,MIT,fastapi-0.136.1.dist-info/licenses/LICENSE sha256=4ec89ffc81485b97fec584b2d4a961032eeffe834453894fd9c1274906cc744e,not-byte-compared-except-imageio-ffmpeg,review actual wheel license and bundled native libraries,待核实
filelock,3.29.0,transitive-not-pinned,not-applicable,observed-dependency-closure,B-candidate,python-3.12.10-embed-amd64/Lib/site-packages/filelock,21335d1940ca00830e17594e81e9ed7b393211b1e03eda3c411a3507bf59f4b7,https://pypi.org/pypi/filelock/3.29.0/json,MIT,filelock-3.29.0.dist-info/licenses/LICENSE sha256=608c89d5060ae9921adccf3236695bc654a9946e12323ef6c021dfa04e294d48,not-byte-compared-except-imageio-ffmpeg,review actual wheel license and bundled native libraries,待核实
Flask,3.0.3,Flask==3.0.3,True,direct-request,B-candidate,python-3.12.10-embed-amd64/Lib/site-packages/Flask,7b13da872e1a6a18d5fa662a77da9be4734ff21681fc8c53b9aa2da12bc2b5a8,https://pypi.org/pypi/Flask/3.0.3/json,License :: OSI Approved :: BSD License,flask-3.0.3.dist-info/LICENSE.txt sha256=489a8e1108509ed98a37bb983e11e0f7e1d31f0bd8f99a79c8448e7ff37d07ea,not-byte-compared-except-imageio-ffmpeg,review actual wheel license and bundled native libraries,待核实
flatbuffers,25.12.19,transitive-not-pinned,not-applicable,observed-dependency-closure,B-candidate,python-3.12.10-embed-amd64/Lib/site-packages/flatbuffers,9f38239f96faa21522a6aadab6912e1e560708bbe9c9f696a0679c9403fa089e,https://pypi.org/pypi/flatbuffers/25.12.19/json,License :: OSI Approved :: Apache Software License,not-found-by-filename-scan,not-byte-compared-except-imageio-ffmpeg,review actual wheel license and bundled native libraries,待核实
frozenlist,1.8.0,not-requested,not-applicable,extra-observed-not-proven-product-dependency,C-observed-extra,python-3.12.10-embed-amd64/Lib/site-packages/frozenlist,946c22dc9f7e2c76f2d698f00a4306dbe49a820e2b3f1a0e22fe5286cbec35f1,https://pypi.org/pypi/frozenlist/1.8.0/json,Apache-2.0,frozenlist-1.8.0.dist-info/licenses/LICENSE sha256=6fd5243e92dd7f98ec69c7ac377728e74905709ff527a5bf98d6d0263c04f5b6,not-byte-compared-except-imageio-ffmpeg,review actual wheel license and bundled native libraries,待核实
fsspec,2026.4.0,transitive-not-pinned,not-applicable,observed-dependency-closure,B-candidate,python-3.12.10-embed-amd64/Lib/site-packages/fsspec,8f49c4404b507182ac953dfd4551641df0bf36ccf67e08ac8a68cce323bf1d4c,https://pypi.org/pypi/fsspec/2026.4.0/json,BSD-3-Clause,fsspec-2026.4.0.dist-info/licenses/LICENSE sha256=2dc35496ce53a7307915c008a844aad53e772b49b34cdd00445067691407ec94,not-byte-compared-except-imageio-ffmpeg,review actual wheel license and bundled native libraries,待核实
gguf,0.18.0,gguf==0.18.0,True,direct-request,B-candidate,python-3.12.10-embed-amd64/Lib/site-packages/gguf,eee00f073a5dcc89699dbf8b5c42ba3555c03491878dc764071b00938105ad98,https://pypi.org/pypi/gguf/0.18.0/json,License :: OSI Approved :: MIT License,gguf-0.18.0.dist-info/licenses/LICENSE sha256=ef78c7e6659e34c798194f0d344e807c722de70cbca1359ef54772661e11ca38,not-byte-compared-except-imageio-ffmpeg,review actual wheel license and bundled native libraries,待核实
gradio,6.14.0,not-requested,not-applicable,extra-observed-not-proven-product-dependency,C-observed-extra,python-3.12.10-embed-amd64/Lib/site-packages/gradio,ea0f3f452b3f2ca55c27e2792a7d586a32d828238019836af750d6b8a206a034,https://pypi.org/pypi/gradio/6.14.0/json,Apache-2.0,gradio-6.14.0.dist-info/licenses/LICENSE sha256=c71d239df91726fc519c6eb72d318ec65820627232b2f796219e87dcf35d0ab4,not-byte-compared-except-imageio-ffmpeg,review actual wheel license and bundled native libraries,待核实
gradio_client,2.5.0,not-requested,not-applicable,extra-observed-not-proven-product-dependency,C-observed-extra,python-3.12.10-embed-amd64/Lib/site-packages/gradio_client,ec77ccf7f94b8baa7be59fead53220ff0a42e899480f435ab813724d892869b1,https://pypi.org/pypi/gradio_client/2.5.0/json,Apache-2.0,not-found-by-filename-scan,not-byte-compared-except-imageio-ffmpeg,review actual wheel license and bundled native libraries,待核实
groovy,0.1.2,not-requested,not-applicable,extra-observed-not-proven-product-dependency,C-observed-extra,python-3.12.10-embed-amd64/Lib/site-packages/groovy,4e9483c0c0f3c969f94e12c4484521260387742132520c23d7c8d19e20a99534,https://pypi.org/pypi/groovy/0.1.2/json,License :: OSI Approved :: MIT License,groovy-0.1.2.dist-info/licenses/LICENSE sha256=c71d239df91726fc519c6eb72d318ec65820627232b2f796219e87dcf35d0ab4,not-byte-compared-except-imageio-ffmpeg,review actual wheel license and bundled native libraries,待核实
h11,0.16.0,not-requested,not-applicable,extra-observed-not-proven-product-dependency,C-observed-extra,python-3.12.10-embed-amd64/Lib/site-packages/h11,28f326098ac09fcba79b8f180f96087c841fe2456215cb7b872a9c7d5cd19d64,https://pypi.org/pypi/h11/0.16.0/json,License :: OSI Approved :: MIT License,h11-0.16.0.dist-info/licenses/LICENSE.txt sha256=37db5bb85926db28a427a25867f10b1232003aea1be69ccb851138adb8e6f361,not-byte-compared-except-imageio-ffmpeg,review actual wheel license and bundled native libraries,待核实
hf-gradio,0.4.1,not-requested,not-applicable,extra-observed-not-proven-product-dependency,C-observed-extra,python-3.12.10-embed-amd64/Lib/site-packages/hf-gradio,f3ae073ca654ea4a983162903f615d27c3c8880110a627f72097835950dd8263,https://pypi.org/pypi/hf-gradio/0.4.1/json,MIT,hf_gradio-0.4.1.dist-info/licenses/LICENSE sha256=58edefee7065c5a51b7a81b875028770d51a5d516cc34eb317012f6138c86fe0,not-byte-compared-except-imageio-ffmpeg,review actual wheel license and bundled native libraries,待核实
httpcore,1.0.9,not-requested,not-applicable,extra-observed-not-proven-product-dependency,C-observed-extra,python-3.12.10-embed-amd64/Lib/site-packages/httpcore,fe2d4fda6199128978779e0cf27f3c045c531863fcdd987eacc74f3a18d41c21,https://pypi.org/pypi/httpcore/1.0.9/json,BSD-3-Clause,httpcore-1.0.9.dist-info/licenses/LICENSE.md sha256=fdcb59154c74cbaba16a11242f7740bea9f23d6feb5547917d8c5f94a80392a5,not-byte-compared-except-imageio-ffmpeg,review actual wheel license and bundled native libraries,待核实
httpx,0.28.1,not-requested,not-applicable,extra-observed-not-proven-product-dependency,C-observed-extra,python-3.12.10-embed-amd64/Lib/site-packages/httpx,febb9b0f8f3e80d57c8199c304f35c4336e8581d1d18d7983c92766b82793b25,https://pypi.org/pypi/httpx/0.28.1/json,License :: OSI Approved :: BSD License,httpx-0.28.1.dist-info/licenses/LICENSE.md sha256=4ec59d544f12b5f539a3a716fd321ac58ccd8030b465221f2c880200cdf28d8d,not-byte-compared-except-imageio-ffmpeg,review actual wheel license and bundled native libraries,待核实
huggingface_hub,0.36.2,huggingface_hub==0.36.2,True,direct-request,B-candidate,python-3.12.10-embed-amd64/Lib/site-packages/huggingface_hub,4dc2b0a3fb27bcba8b091f98bccff4b94369d269c9768aeaecd0b99d970665d9,https://pypi.org/pypi/huggingface_hub/0.36.2/json,License :: OSI Approved :: Apache Software License,huggingface_hub-0.36.2.dist-info/licenses/LICENSE sha256=c71d239df91726fc519c6eb72d318ec65820627232b2f796219e87dcf35d0ab4,not-byte-compared-except-imageio-ffmpeg,review actual wheel license and bundled native libraries,待核实
humanfriendly,10.0,transitive-not-pinned,not-applicable,observed-dependency-closure,B-candidate,python-3.12.10-embed-amd64/Lib/site-packages/humanfriendly,68bb349388cdfeca602acc3455b83a7b2fe3cbe84025e27493bcbe76f3ab6c82,https://pypi.org/pypi/humanfriendly/10.0/json,License :: OSI Approved :: MIT License,humanfriendly-10.0.dist-info/LICENSE.txt sha256=4ac48f4117809f2734066150450f120b3bb110ac1d3b32170795e0560dbbc1f5,not-byte-compared-except-imageio-ffmpeg,review actual wheel license and bundled native libraries,待核实
idna,3.11,transitive-not-pinned,not-applicable,observed-dependency-closure,B-candidate,python-3.12.10-embed-amd64/Lib/site-packages/idna,7c2c12c30f52ba237c4c81e59454804944025b9e6102cf1dcca9ebf5168411b0,https://pypi.org/pypi/idna/3.11/json,BSD-3-Clause,idna-3.11.dist-info/licenses/LICENSE.md sha256=b7a336abf3b04e180ec065cdd16e705d079e1cc7a14f910aa6e9187f36b9cd87,not-byte-compared-except-imageio-ffmpeg,review actual wheel license and bundled native libraries,待核实
imageio-ffmpeg,0.5.0,imageio-ffmpeg==0.5.0,True,direct-request,B-candidate,python-3.12.10-embed-amd64/Lib/site-packages/imageio-ffmpeg,734b84678347fc93bd2f51fdb1eeaf2cfe05477f2e167b80a88ef23e6748c1f6,https://pypi.org/pypi/imageio-ffmpeg/0.5.0/json,License :: OSI Approved :: BSD License,imageio_ffmpeg-0.5.0.dist-info/LICENSE sha256=9c9be921bb50efe46473ce89135b037061df5ccdcae97cbf84ace18b0fa89dce,not-byte-compared-except-imageio-ffmpeg,review actual wheel license and bundled native libraries,待核实
itsdangerous,2.2.0,transitive-not-pinned,not-applicable,observed-dependency-closure,B-candidate,python-3.12.10-embed-amd64/Lib/site-packages/itsdangerous,d2b934fb56708a1b94e439f0255c0f5a8108e3258ec827b18a1dc9c991db9611,https://pypi.org/pypi/itsdangerous/2.2.0/json,License :: OSI Approved :: BSD License,itsdangerous-2.2.0.dist-info/LICENSE.txt sha256=63af09891b6be8ad1a4252ed43af0f4efba7fc948e228367bed7f3c5ae0b09d7,not-byte-compared-except-imageio-ffmpeg,review actual wheel license and bundled native libraries,待核实
Jinja2,3.1.6,transitive-not-pinned,not-applicable,observed-dependency-closure,B-candidate,python-3.12.10-embed-amd64/Lib/site-packages/Jinja2,68c5548fb67c4132a13898d9b31ec50c6bea2abdd915d921f214355c3a6499c8,https://pypi.org/pypi/Jinja2/3.1.6/json,License :: OSI Approved :: BSD License,jinja2-3.1.6.dist-info/licenses/LICENSE.txt sha256=3b49dcee4105eb37bac10faf1be260408fe85d252b8e9df2e0979fc1e094437b,not-byte-compared-except-imageio-ffmpeg,review actual wheel license and bundled native libraries,待核实
joblib,1.5.3,transitive-not-pinned,not-applicable,observed-dependency-closure,B-candidate,python-3.12.10-embed-amd64/Lib/site-packages/joblib,cee9c60896ae4e7a965a840fbde50d111d2f8018f61201d1ed2e9fc3dd4883e6,https://pypi.org/pypi/joblib/1.5.3/json,BSD-3-Clause,joblib-1.5.3.dist-info/licenses/LICENSE.txt sha256=42612911c1872c5e4b43f6ae0e8ee59467cd350332241cf72ce90640264fae6a,not-byte-compared-except-imageio-ffmpeg,review actual wheel license and bundled native libraries,待核实
lazy-loader,0.5,transitive-not-pinned,not-applicable,observed-dependency-closure,B-candidate,python-3.12.10-embed-amd64/Lib/site-packages/lazy-loader,ab65c86264937d8ac080d5fc895db927ff2f964a07cb92f91768db155fc0c37c,https://pypi.org/pypi/lazy-loader/0.5/json,BSD-3-Clause,lazy_loader-0.5.dist-info/licenses/LICENSE.md sha256=797b6937a4f976836efbbbb3ae333d7866ddc3eb3cb152972b2be348d3529372,not-byte-compared-except-imageio-ffmpeg,review actual wheel license and bundled native libraries,待核实
librosa,0.11.0,librosa==0.11.0,True,direct-request,B-candidate,python-3.12.10-embed-amd64/Lib/site-packages/librosa,5aaba06be0f28ca1ca776f8884fc0945f752a38d7ddca249403644d6f685c6d3,https://pypi.org/pypi/librosa/0.11.0/json,License :: OSI Approved :: ISC License (ISCL),librosa-0.11.0.dist-info/LICENSE.md sha256=1746ca32b53fa31941c38b63a986e4126ab998e81a2f73a566000847a588e2a3,not-byte-compared-except-imageio-ffmpeg,review actual wheel license and bundled native libraries,待核实
llvmlite,0.47.0,transitive-not-pinned,not-applicable,observed-dependency-closure,B-candidate,python-3.12.10-embed-amd64/Lib/site-packages/llvmlite,e7faa0490feb9f7afd67d595cfc4a8e8eef408e4604c1e4e82731efad7e4ea4e,https://pypi.org/pypi/llvmlite/0.47.0/json,BSD-2-Clause AND Apache-2.0 WITH LLVM-exception,llvmlite-0.47.0.dist-info/licenses/LICENSE sha256=7d6aa93e52a7ae9a995ff6a40c0ea5628311cdf1bd8dcd29c8ce9181f4af3a81; llvmlite-0.47.0.dist-info/licenses/LICENSE.thirdparty sha256=7b564c7af9ab446d245ba66adc8cda2f61d1d162f842899557499e80b715993a,not-byte-compared-except-imageio-ffmpeg,review actual wheel license and bundled native libraries,待核实
markdown-it-py,4.2.0,not-requested,not-applicable,extra-observed-not-proven-product-dependency,C-observed-extra,python-3.12.10-embed-amd64/Lib/site-packages/markdown-it-py,72c36ff516755443b1ecb61e17b2567a990230b49a504b0eb0c42d5f82448a9c,https://pypi.org/pypi/markdown-it-py/4.2.0/json,License :: OSI Approved :: MIT License,markdown_it_py-4.2.0.dist-info/licenses/LICENSE sha256=4a2260d6e2cd0f5a151a1e86dbfe7d3ed552b1e2beabf9941c1ba5c49cbce484; markdown_it_py-4.2.0.dist-info/licenses/LICENSE.markdown-it sha256=792c48c5a849a15fdf9e37e8bcf9e6d1dd13b32b46c642a748a0a46a9919d473,not-byte-compared-except-imageio-ffmpeg,review actual wheel license and bundled native libraries,待核实
MarkupSafe,3.0.3,transitive-not-pinned,not-applicable,observed-dependency-closure,B-candidate,python-3.12.10-embed-amd64/Lib/site-packages/MarkupSafe,12b4cc61a7fa288cf7667ee3f213786d9619db57fb33ff6f934afbcb5c12ec81,https://pypi.org/pypi/MarkupSafe/3.0.3/json,BSD-3-Clause,markupsafe-3.0.3.dist-info/licenses/LICENSE.txt sha256=4631ec0db5fd90a547e336817264c6798214338146f8ac94b4a57f96ee8c9ec4,not-byte-compared-except-imageio-ffmpeg,review actual wheel license and bundled native libraries,待核实
mdurl,0.1.2,not-requested,not-applicable,extra-observed-not-proven-product-dependency,C-observed-extra,python-3.12.10-embed-amd64/Lib/site-packages/mdurl,b53b29d48f499367053fda3c81e7ce27d2558380ebbf83e66023b02eb7ddd25d,https://pypi.org/pypi/mdurl/0.1.2/json,License :: OSI Approved :: MIT License,mdurl-0.1.2.dist-info/LICENSE sha256=7c605df6e28667a9603118e98274f64a49ce3eed0d26fccce9534a345e0ef955,not-byte-compared-except-imageio-ffmpeg,review actual wheel license and bundled native libraries,待核实
ml_dtypes,0.5.4,transitive-not-pinned,not-applicable,observed-dependency-closure,B-candidate,python-3.12.10-embed-amd64/Lib/site-packages/ml_dtypes,51b5729b48ce71736748bbf43d4f355485f42b44977d6016717bbd6b11b7dfc0,https://pypi.org/pypi/ml_dtypes/0.5.4/json,Apache-2.0,ml_dtypes-0.5.4.dist-info/licenses/LICENSE sha256=3ddf9be5c28fe27dad143a5dc76eea25222ad1dd68934a047064e56ed2fa40c5; ml_dtypes-0.5.4.dist-info/licenses/LICENSE.eigen sha256=9221c2f936159b8446d329249fb4c0f25be510f447383a0f13336ac7985668a3,not-byte-compared-except-imageio-ffmpeg,review actual wheel license and bundled native libraries,待核实
mpmath,1.3.0,transitive-not-pinned,not-applicable,observed-dependency-closure,B-candidate,python-3.12.10-embed-amd64/Lib/site-packages/mpmath,44b66ea444b9c0d19ae94815d356bf047ae6b680c19268b5c265687cd6a81406,https://pypi.org/pypi/mpmath/1.3.0/json,License :: OSI Approved :: BSD License,mpmath-1.3.0.dist-info/LICENSE sha256=c26cae81da4508e5e249985777a33821f183223ebb74d7f8cfbf90fe7eef2fb7,not-byte-compared-except-imageio-ffmpeg,review actual wheel license and bundled native libraries,待核实
msgpack,1.1.2,transitive-not-pinned,not-applicable,observed-dependency-closure,B-candidate,python-3.12.10-embed-amd64/Lib/site-packages/msgpack,856c42ca5c61ed8b440a0e8b10b3ffcc9557397a500ee223c10d9ff9945bf80b,https://pypi.org/pypi/msgpack/1.1.2/json,Apache-2.0,msgpack-1.1.2.dist-info/licenses/COPYING sha256=4fbdff42eba4593c16f7a7ea7078883b2b734870a1e2b636284ce2dce62bf4f7,not-byte-compared-except-imageio-ffmpeg,review actual wheel license and bundled native libraries,待核实
multidict,6.7.1,not-requested,not-applicable,extra-observed-not-proven-product-dependency,C-observed-extra,python-3.12.10-embed-amd64/Lib/site-packages/multidict,4913fdaae936a309c29b89b98c2dbebd237203fb27ab9e68ae5e4ec17ba3024f,https://pypi.org/pypi/multidict/6.7.1/json,Apache License 2.0,multidict-6.7.1.dist-info/licenses/LICENSE sha256=93d11a968e2f0f36373c40811ff6d20e173f58c3cab5884cd6617bbfd795492a,not-byte-compared-except-imageio-ffmpeg,review actual wheel license and bundled native libraries,待核实
networkx,3.6.1,transitive-not-pinned,not-applicable,observed-dependency-closure,B-candidate,python-3.12.10-embed-amd64/Lib/site-packages/networkx,aca5d94a97d1f70f301d033addb635f6e66be8973a00aba4127637eed2ef316a,https://pypi.org/pypi/networkx/3.6.1/json,BSD-3-Clause,networkx-3.6.1.dist-info/licenses/LICENSE.txt sha256=3cf7c3a179d817b23b8b8568211769fefdf93797d207d984b8b2fa24d0220b33,not-byte-compared-except-imageio-ffmpeg,review actual wheel license and bundled native libraries,待核实
numba,0.65.1,transitive-not-pinned,not-applicable,observed-dependency-closure,B-candidate,python-3.12.10-embed-amd64/Lib/site-packages/numba,9ab3a5418a6beb8cbc48e9f8e1866bbba6d676140c4190df657926aad486ea0d,https://pypi.org/pypi/numba/0.65.1/json,License :: OSI Approved :: BSD License,numba-0.65.1.dist-info/licenses/LICENSE sha256=5f7ae5e48a0a107a9d86a9ef6c18dcce68e55959855d39380050deaea366631c; numba-0.65.1.dist-info/licenses/LICENSES.third-party sha256=e5ea3f50f1c1aa518a86903b85dfd40c4765589998eb683b9382d111d91bb9ee,not-byte-compared-except-imageio-ffmpeg,review actual wheel license and bundled native libraries,待核实
numpy,1.26.4,numpy==1.26.4,True,direct-request,B-candidate,python-3.12.10-embed-amd64/Lib/site-packages/numpy,5a27a0e272b1f6e597acbbf58e8da39ae350b2318db8df4cf49d72518e62eebc,https://pypi.org/pypi/numpy/1.26.4/json,License :: OSI Approved :: BSD License,numpy-1.26.4.dist-info/LICENSE.txt sha256=e261222a74adff28f88160dac1c5cb302d93b67e9ca989eb83bf311e11a9970a; numpy/core/include/numpy/random/LICENSE.txt sha256=d544761558b510866c21f7e8a2d5716fca76e0b98117e3b6b86314db7244d150; numpy/ma/LICENSE sha256=d78dbb208b80d92b4d333e41a4baae50d12444f46e53199fa7726a91de6e2da7; numpy/random/LICENSE.md sha256=b4bc2f4fa1c95778f1ed3dd8f14706bece399475b978f9f34b5d3cd72521b48a,not-byte-compared-except-imageio-ffmpeg,review actual wheel license and bundled native libraries,待核实
onnx,1.21.0,onnx==1.21.0,True,direct-request,B-candidate,python-3.12.10-embed-amd64/Lib/site-packages/onnx,9caec01f9392a7bbdf98056bacf5493d42fec6c4cf4e3999ba6d7d2a719ea832,https://pypi.org/pypi/onnx/1.21.0/json,Apache-2.0,onnx-1.21.0.dist-info/licenses/LICENSE sha256=3ddf9be5c28fe27dad143a5dc76eea25222ad1dd68934a047064e56ed2fa40c5,not-byte-compared-except-imageio-ffmpeg,review actual wheel license and bundled native libraries,待核实
onnxruntime,1.26.0,not-requested,not-applicable,extra-observed-not-proven-product-dependency,C-observed-extra,python-3.12.10-embed-amd64/Lib/site-packages/onnxruntime,046e7a9ccc9936961d74ab96d0484e2b21139b0c92b6d4450197d76b9443dd0c,https://pypi.org/pypi/onnxruntime/1.26.0/json,License :: OSI Approved :: MIT License,onnxruntime/LICENSE sha256=c250d6278f0b47a6439fb7592b08b58a55eb9f535aa49a1db63211c3f982b674,not-byte-compared-except-imageio-ffmpeg,review actual wheel license and bundled native libraries,待核实
onnxruntime-directml,1.23.0,onnxruntime-directml==1.23.0,True,direct-request,B-candidate,python-3.12.10-embed-amd64/Lib/site-packages/onnxruntime-directml,c647f3035a89c3d910aba7e24cb3d99d68f0b686804ba6618129cb3500015003,https://pypi.org/pypi/onnxruntime-directml/1.23.0/json,License :: OSI Approved :: MIT License,onnxruntime/LICENSE sha256=c250d6278f0b47a6439fb7592b08b58a55eb9f535aa49a1db63211c3f982b674,not-byte-compared-except-imageio-ffmpeg,review actual wheel license and bundled native libraries,待核实
orjson,3.11.9,not-requested,not-applicable,extra-observed-not-proven-product-dependency,C-observed-extra,python-3.12.10-embed-amd64/Lib/site-packages/orjson,288a4d616e68837ef98059bb71059b7910b72159b7b7ad2875c8bb81463c1887,https://pypi.org/pypi/orjson/3.11.9/json,MPL-2.0 AND (Apache-2.0 OR MIT),orjson-3.11.9.dist-info/licenses/LICENSE-APACHE sha256=7cfd738c53d61c79f07e348f622bf7707c9084237054d37fbe07788a75f5881c; orjson-3.11.9.dist-info/licenses/LICENSE-MIT sha256=36516aefdc84c5d5a1e7485425913a22dbda69eb1930c5e84d6ae4972b5194b9; orjson-3.11.9.dist-info/licenses/LICENSE-MPL-2.0 sha256=9303ea1cfbf049945652668089d753fb1a7e1f2e52c680615c3d2cea7515c118,not-byte-compared-except-imageio-ffmpeg,review actual wheel license and bundled native libraries,待核实
packaging,26.2,transitive-not-pinned,not-applicable,observed-dependency-closure,B-candidate,python-3.12.10-embed-amd64/Lib/site-packages/packaging,4f9cbcd7933415a4793f7767c98a2b6a512c823fc81c87337815705f230ecabf,https://pypi.org/pypi/packaging/26.2/json,Apache-2.0 OR BSD-2-Clause,packaging-26.2.dist-info/licenses/LICENSE sha256=cad1ef5bd340d73e074ba614d26f7deaca5c7940c3d8c34852e65c4909686c48; packaging-26.2.dist-info/licenses/LICENSE.APACHE sha256=0d542e0c8804e39aa7f37eb00da5a762149dc682d7829451287e11b938e94594; packaging-26.2.dist-info/licenses/LICENSE.BSD sha256=b70e7e9b742f1cc6f948b34c16aa39ffece94196364bc88ff0d2180f0028fac5,not-byte-compared-except-imageio-ffmpeg,review actual wheel license and bundled native libraries,待核实
pandas,3.0.3,not-requested,not-applicable,extra-observed-not-proven-product-dependency,C-observed-extra,python-3.12.10-embed-amd64/Lib/site-packages/pandas,be337b6c2e9b006aaaea77696d7023378664f610f45062c74ffa467d4a69095d,https://pypi.org/pypi/pandas/3.0.3/json,License :: OSI Approved :: BSD License,pandas-3.0.3.dist-info/LICENSE sha256=9850f6b5bdef7346503065807b878deb8058b976c5c329f4c4d23bf4796ce9ae,not-byte-compared-except-imageio-ffmpeg,review actual wheel license and bundled native libraries,待核实
pillow,12.1.1,not-requested,not-applicable,extra-observed-not-proven-product-dependency,C-observed-extra,python-3.12.10-embed-amd64/Lib/site-packages/pillow,17ff1f2d2adbc1ee618e97f149a81caaf4c3293d5a687227b6289199e70f2d17,https://pypi.org/pypi/pillow/12.1.1/json,MIT-CMU,pillow-12.1.1.dist-info/licenses/LICENSE sha256=926df5f888a7337fd4126a435202edf2847312be81a167df91a6d70cfa3f2ed3,not-byte-compared-except-imageio-ffmpeg,review actual wheel license and bundled native libraries,待核实
pip,26.0.1,not-requested,not-applicable,extra-observed-not-proven-product-dependency,C-observed-extra,python-3.12.10-embed-amd64/Lib/site-packages/pip,66a219b8d1ac1ba97680788a9508d542084542181259f8440c7b8254f5b768df,https://pypi.org/pypi/pip/26.0.1/json,MIT,pip-26.0.1.dist-info/licenses/LICENSE.txt sha256=634300a669d49aeae65b12c6c48c924c51a4cdf3d1ff086dc3456dc8bcaa2104; pip-26.0.1.dist-info/licenses/src/pip/_vendor/cachecontrol/LICENSE.txt sha256=86eeee87be2a43f3ff1f56496f451f69243926f025fedbb033666c304c4c161b; pip-26.0.1.dist-info/licenses/src/pip/_vendor/certifi/LICENSE sha256=e93716da6b9c0d5a4a1df60fe695b370f0695603d21f6f83f053e42cfc10caf7; pip-26.0.1.dist-info/licenses/src/pip/_vendor/dependency_groups/LICENSE.txt sha256=1ab36e3e2a4ba8631625384f87e9e091db1faed034c5b23325b3239abf2cc525; pip-26.0.1.dist-info/licenses/src/pip/_vendor/distlib/LICENSE.txt sha256=808e10c8a6ab8deb149ff9b3fb19f447a808094606d712a9ca57fead3552599d; pip-26.0.1.dist-info/licenses/src/pip/_vendor/distro/LICENSE sha256=cb5e8e7e5f4a3988e1063c142c60dc2df75605f4c46515e776e3aca6df976e14; pip-26.0.1.dist-info/licenses/src/pip/_vendor/idna/LICENSE.md sha256=b7a336abf3b04e180ec065cdd16e705d079e1cc7a14f910aa6e9187f36b9cd87; pip-26.0.1.dist-info/licenses/src/pip/_vendor/msgpack/COPYING sha256=492dedba85da5872f78e6091bcd1fea474d660d35acb4dee964b8aab3f007427; pip-26.0.1.dist-info/licenses/src/pip/_vendor/packaging/LICENSE sha256=cad1ef5bd340d73e074ba614d26f7deaca5c7940c3d8c34852e65c4909686c48; pip-26.0.1.dist-info/licenses/src/pip/_vendor/packaging/LICENSE.APACHE sha256=0d542e0c8804e39aa7f37eb00da5a762149dc682d7829451287e11b938e94594; pip-26.0.1.dist-info/licenses/src/pip/_vendor/packaging/LICENSE.BSD sha256=b70e7e9b742f1cc6f948b34c16aa39ffece94196364bc88ff0d2180f0028fac5; pip-26.0.1.dist-info/licenses/src/pip/_vendor/pkg_resources/LICENSE sha256=86da0f01aeae46348a3c3d465195dc1ceccde79f79e87769a64b8da04b2a4741; pip-26.0.1.dist-info/licenses/src/pip/_vendor/platformdirs/LICENSE sha256=29e0fd62e929850e86eb28c3fdccf0cefdf4fa94879011cffb3d0d4bed6d4db6; pip-26.0.1.dist-info/licenses/src/pip/_vendor/pygments/LICENSE sha256=a9d66f1d526df02e29dce73436d34e56e8632f46c275bbdffc70569e882f9f17; pip-26.0.1.dist-info/licenses/src/pip/_vendor/pyproject_hooks/LICENSE sha256=1b22b049b5267d6dfc23a67bf4a84d8ec04b9fdfb1a51d360e42b4342c8b4154; pip-26.0.1.dist-info/licenses/src/pip/_vendor/requests/LICENSE sha256=09e8a9bcec8067104652c168685ab0931e7868f9c8284b66f5ae6edae5f1130b; pip-26.0.1.dist-info/licenses/src/pip/_vendor/resolvelib/LICENSE sha256=f388fd38cad13112c1dc0f669bbe80e7f84541edbafb72f3030d2ca7642c3c9d; pip-26.0.1.dist-info/licenses/src/pip/_vendor/rich/LICENSE sha256=deed7c17a4318158190a3ea239cc879a5a50271cebb98ae7025f48fbe58dca15; pip-26.0.1.dist-info/licenses/src/pip/_vendor/tomli/LICENSE sha256=b80816b0d530b8accb4c2211783790984a6e3b61922c2b5ee92f3372ab2742fe; pip-26.0.1.dist-info/licenses/src/pip/_vendor/tomli_w/LICENSE sha256=b80816b0d530b8accb4c2211783790984a6e3b61922c2b5ee92f3372ab2742fe; pip-26.0.1.dist-info/licenses/src/pip/_vendor/truststore/LICENSE sha256=33be7b7e8fa4fd19b1760e1a8ed8a668bdab852c91b692dd41424bcb725a9fca; pip-26.0.1.dist-info/licenses/src/pip/_vendor/urllib3/LICENSE.txt sha256=c37bf186e27cf9dbe9619e55edfe3cea7b30091ceb3da63c7dacbe0e6d77907b; pip/_vendor/cachecontrol/LICENSE.txt sha256=86eeee87be2a43f3ff1f56496f451f69243926f025fedbb033666c304c4c161b; pip/_vendor/certifi/LICENSE sha256=e93716da6b9c0d5a4a1df60fe695b370f0695603d21f6f83f053e42cfc10caf7; pip/_vendor/dependency_groups/LICENSE.txt sha256=1ab36e3e2a4ba8631625384f87e9e091db1faed034c5b23325b3239abf2cc525; pip/_vendor/distlib/LICENSE.txt sha256=808e10c8a6ab8deb149ff9b3fb19f447a808094606d712a9ca57fead3552599d; pip/_vendor/distro/LICENSE sha256=cb5e8e7e5f4a3988e1063c142c60dc2df75605f4c46515e776e3aca6df976e14; pip/_vendor/idna/LICENSE.md sha256=b7a336abf3b04e180ec065cdd16e705d079e1cc7a14f910aa6e9187f36b9cd87; pip/_vendor/msgpack/COPYING sha256=492dedba85da5872f78e6091bcd1fea474d660d35acb4dee964b8aab3f007427; pip/_vendor/packaging/LICENSE sha256=cad1ef5bd340d73e074ba614d26f7deaca5c7940c3d8c34852e65c4909686c48; pip/_vendor/packaging/LICENSE.APACHE sha256=0d542e0c8804e39aa7f37eb00da5a762149dc682d7829451287e11b938e94594; pip/_vendor/packaging/LICENSE.BSD sha256=b70e7e9b742f1cc6f948b34c16aa39ffece94196364bc88ff0d2180f0028fac5; pip/_vendor/pkg_resources/LICENSE sha256=86da0f01aeae46348a3c3d465195dc1ceccde79f79e87769a64b8da04b2a4741; pip/_vendor/platformdirs/LICENSE sha256=29e0fd62e929850e86eb28c3fdccf0cefdf4fa94879011cffb3d0d4bed6d4db6; pip/_vendor/pygments/LICENSE sha256=a9d66f1d526df02e29dce73436d34e56e8632f46c275bbdffc70569e882f9f17; pip/_vendor/pyproject_hooks/LICENSE sha256=1b22b049b5267d6dfc23a67bf4a84d8ec04b9fdfb1a51d360e42b4342c8b4154; pip/_vendor/requests/LICENSE sha256=09e8a9bcec8067104652c168685ab0931e7868f9c8284b66f5ae6edae5f1130b; pip/_vendor/resolvelib/LICENSE sha256=f388fd38cad13112c1dc0f669bbe80e7f84541edbafb72f3030d2ca7642c3c9d; pip/_vendor/rich/LICENSE sha256=deed7c17a4318158190a3ea239cc879a5a50271cebb98ae7025f48fbe58dca15; pip/_vendor/tomli/LICENSE sha256=b80816b0d530b8accb4c2211783790984a6e3b61922c2b5ee92f3372ab2742fe; pip/_vendor/tomli_w/LICENSE sha256=b80816b0d530b8accb4c2211783790984a6e3b61922c2b5ee92f3372ab2742fe; pip/_vendor/truststore/LICENSE sha256=33be7b7e8fa4fd19b1760e1a8ed8a668bdab852c91b692dd41424bcb725a9fca; pip/_vendor/urllib3/LICENSE.txt sha256=c37bf186e27cf9dbe9619e55edfe3cea7b30091ceb3da63c7dacbe0e6d77907b,not-byte-compared-except-imageio-ffmpeg,review actual wheel license and bundled native libraries,待核实
platformdirs,4.9.6,transitive-not-pinned,not-applicable,observed-dependency-closure,B-candidate,python-3.12.10-embed-amd64/Lib/site-packages/platformdirs,7dc437d6904fab5d1b6527ac1bdfe03044e9ad53649dadc143471a6f2472927c,https://pypi.org/pypi/platformdirs/4.9.6/json,MIT,platformdirs-4.9.6.dist-info/licenses/LICENSE sha256=29e0fd62e929850e86eb28c3fdccf0cefdf4fa94879011cffb3d0d4bed6d4db6,not-byte-compared-except-imageio-ffmpeg,review actual wheel license and bundled native libraries,待核实
pooch,1.9.0,transitive-not-pinned,not-applicable,observed-dependency-closure,B-candidate,python-3.12.10-embed-amd64/Lib/site-packages/pooch,7a67b1fba8575748276b1abee0db0d0c7d673d1f4f8f404699e949f1359da962,https://pypi.org/pypi/pooch/1.9.0/json,BSD-3-Clause,pooch-1.9.0.dist-info/licenses/LICENSE.txt sha256=af0482d59fc7a9d68d9f64682c74ce6e8a4684406bb3a21a191ae329950916b4,not-byte-compared-except-imageio-ffmpeg,review actual wheel license and bundled native libraries,待核实
propcache,0.4.1,not-requested,not-applicable,extra-observed-not-proven-product-dependency,C-observed-extra,python-3.12.10-embed-amd64/Lib/site-packages/propcache,fc23f3c52b336d5335cd053f47d91ff6316949e65ad1f1e3dfccd5284f4d6ece,https://pypi.org/pypi/propcache/0.4.1/json,License :: OSI Approved :: Apache Software License,propcache-0.4.1.dist-info/licenses/LICENSE sha256=cfc7749b96f63bd31c3c42b5c471bf756814053e847c10f3eb003417bc523d30; propcache-0.4.1.dist-info/licenses/NOTICE sha256=56d6ac6c8105c0a51304c21db060e361af9a8ea0af9a75c239c28b5d13693838,not-byte-compared-except-imageio-ffmpeg,review actual wheel license and bundled native libraries,待核实
protobuf,7.35.0,transitive-not-pinned,not-applicable,observed-dependency-closure,B-candidate,python-3.12.10-embed-amd64/Lib/site-packages/protobuf,2953f6d4f80aa453359d9bb51987ae747c0ab0c20c9c24ea84d9a6cff82a0c32,https://pypi.org/pypi/protobuf/7.35.0/json,3-Clause BSD License,protobuf-7.35.0.dist-info/LICENSE sha256=6e5e117324afd944dcf67f36cf329843bc1a92229a8cd9bb573d7a83130fea7d,not-byte-compared-except-imageio-ffmpeg,review actual wheel license and bundled native libraries,待核实
psutil,7.2.2,transitive-not-pinned,not-applicable,observed-dependency-closure,B-candidate,python-3.12.10-embed-amd64/Lib/site-packages/psutil,525f8ba78523cf7bc3759d62a105e7c57fd679ea702402b9449fb0746aa0217f,https://pypi.org/pypi/psutil/7.2.2/json,BSD-3-Clause,psutil-7.2.2.dist-info/LICENSE sha256=c7adc4d5d1337a548b967421f1fbe258b93033a0417708fd6f4e38f8ecbceb80,not-byte-compared-except-imageio-ffmpeg,review actual wheel license and bundled native libraries,待核实
pycparser,3.0,transitive-not-pinned,not-applicable,observed-dependency-closure,B-candidate,python-3.12.10-embed-amd64/Lib/site-packages/pycparser,f547a60b0ab54cc2f242213d1f87960ad80df7dd5dfeb98d17a444d48bfb6b93,https://pypi.org/pypi/pycparser/3.0/json,BSD-3-Clause,pycparser-3.0.dist-info/licenses/LICENSE sha256=0c846399369ea76ddd7b5c44fe6d16497415fcf015f5cbb508c24bf98b81c5b1,not-byte-compared-except-imageio-ffmpeg,review actual wheel license and bundled native libraries,待核实
pydantic,2.13.4,not-requested,not-applicable,extra-observed-not-proven-product-dependency,C-observed-extra,python-3.12.10-embed-amd64/Lib/site-packages/pydantic,d1e56c3412492512fb6b59a9dfc25ab7af2a8204585cd7bca000513023133394,https://pypi.org/pypi/pydantic/2.13.4/json,MIT,pydantic-2.13.4.dist-info/licenses/LICENSE sha256=a9e186f3ca16b5eef84318e7a701721351a00cb7b8ae3a4394b67b49e3529ef3,not-byte-compared-except-imageio-ffmpeg,review actual wheel license and bundled native libraries,待核实
pydantic_core,2.46.4,not-requested,not-applicable,extra-observed-not-proven-product-dependency,C-observed-extra,python-3.12.10-embed-amd64/Lib/site-packages/pydantic_core,135fa8b2f89473e9191c7078c2164e3ec6c8927a61c2379c2fddcc07f11f3bae,https://pypi.org/pypi/pydantic_core/2.46.4/json,MIT,pydantic_core-2.46.4.dist-info/licenses/LICENSE sha256=fbe7f615f18d135c07000e5a86325db27f42c7729699ef166ac1f7a3f4586bf4,not-byte-compared-except-imageio-ffmpeg,review actual wheel license and bundled native libraries,待核实
pydub,0.25.1,not-requested,not-applicable,extra-observed-not-proven-product-dependency,C-observed-extra,python-3.12.10-embed-amd64/Lib/site-packages/pydub,7f433cfd956d6e2628508f5e8d721e274dc9a3d03935b8bed15d5b56ab398989,https://pypi.org/pypi/pydub/0.25.1/json,License :: OSI Approved :: MIT License,pydub-0.25.1.dist-info/LICENSE sha256=ae856536224cc7a389e968771fc5f259814bdd0da63539cf72282adbaef6897a,not-byte-compared-except-imageio-ffmpeg,review actual wheel license and bundled native libraries,待核实
Pygments,2.20.0,not-requested,not-applicable,extra-observed-not-proven-product-dependency,C-observed-extra,python-3.12.10-embed-amd64/Lib/site-packages/Pygments,e0528f51b30427fae94723662ba622f8d8db2a4d8d3f1365698d67a52450a845,https://pypi.org/pypi/Pygments/2.20.0/json,BSD-2-Clause,pygments-2.20.0.dist-info/licenses/LICENSE sha256=a9d66f1d526df02e29dce73436d34e56e8632f46c275bbdffc70569e882f9f17,not-byte-compared-except-imageio-ffmpeg,review actual wheel license and bundled native libraries,待核实
pypinyin,0.55.0,not-requested,not-applicable,extra-observed-not-proven-product-dependency,C-observed-extra,python-3.12.10-embed-amd64/Lib/site-packages/pypinyin,82ac94eb74fa0eb500355219bc585228716759ed255c385c5e32dd28ddbaf03f,https://pypi.org/pypi/pypinyin/0.55.0/json,License :: OSI Approved :: MIT License,pypinyin-0.55.0.dist-info/licenses/LICENSE.txt sha256=1e6c90014b4912815c296ee64bb6f6280af47e6d4c5d80e86232dfc5defe764c,not-byte-compared-except-imageio-ffmpeg,review actual wheel license and bundled native libraries,待核实
pyreadline3,3.5.6,transitive-not-pinned,not-applicable,observed-dependency-closure,B-candidate,python-3.12.10-embed-amd64/Lib/site-packages/pyreadline3,e5aee6e93248c9b3db46ddd3923e85852d1c48fde67e84ee0a5bfd55e42468e0,https://pypi.org/pypi/pyreadline3/3.5.6/json,License :: OSI Approved :: BSD License,pyreadline3-3.5.6.dist-info/licenses/LICENSE.md sha256=8fc4d8de61b40533023b16e64528d13371a2e9c68677df79ed5e93ba570471bd,not-byte-compared-except-imageio-ffmpeg,review actual wheel license and bundled native libraries,待核实
python-dateutil,2.9.0.post0,not-requested,not-applicable,extra-observed-not-proven-product-dependency,C-observed-extra,python-3.12.10-embed-amd64/Lib/site-packages/python-dateutil,a9d436da322be808332f98d88325998e87cb693a678a9969feb4cfad729a6e93,https://pypi.org/pypi/python-dateutil/2.9.0.post0/json,License :: OSI Approved :: BSD License; License :: OSI Approved :: Apache Software License,python_dateutil-2.9.0.post0.dist-info/LICENSE sha256=ba00f51a0d92823b5a1cde27d8b5b9d2321e67ed8da9bc163eff96d5e17e577e,not-byte-compared-except-imageio-ffmpeg,review actual wheel license and bundled native libraries,待核实
python-multipart,0.0.29,not-requested,not-applicable,extra-observed-not-proven-product-dependency,C-observed-extra,python-3.12.10-embed-amd64/Lib/site-packages/python-multipart,2e985588b6ce11a720d196b26af48bac178e0e2d70e177f5ee7d4fc5ea71ca0f,https://pypi.org/pypi/python-multipart/0.0.29/json,Apache-2.0,python_multipart-0.0.29.dist-info/licenses/LICENSE.txt sha256=cfc7749b96f63bd31c3c42b5c471bf756814053e847c10f3eb003417bc523d30,not-byte-compared-except-imageio-ffmpeg,review actual wheel license and bundled native libraries,待核实
pytz,2026.2,not-requested,not-applicable,extra-observed-not-proven-product-dependency,C-observed-extra,python-3.12.10-embed-amd64/Lib/site-packages/pytz,56b1e4933e430bf524cc2cc6621bcd64cda12947ed22978d0ee241cd7f02f588,https://pypi.org/pypi/pytz/2026.2/json,License :: OSI Approved :: MIT License,pytz-2026.2.dist-info/LICENSE.txt sha256=be8b1a37ebe26c592a90f6c0eb33103a7f383ce2f4d7498c0af9a526990a07b8,not-byte-compared-except-imageio-ffmpeg,review actual wheel license and bundled native libraries,待核实
PyYAML,6.0.3,transitive-not-pinned,not-applicable,observed-dependency-closure,B-candidate,python-3.12.10-embed-amd64/Lib/site-packages/PyYAML,03c3b415ed38d09faedc49360e930769b40c58f68585e6de00e2e4916a858d34,https://pypi.org/pypi/PyYAML/6.0.3/json,License :: OSI Approved :: MIT License,pyyaml-6.0.3.dist-info/licenses/LICENSE sha256=8d3928f9dc4490fd635707cb88eb26bd764102a7282954307d3e5167a577e8a4,not-byte-compared-except-imageio-ffmpeg,review actual wheel license and bundled native libraries,待核实
qwen-tts,0.1.1,qwen-tts==0.1.1,True,direct-request,B-candidate,python-3.12.10-embed-amd64/Lib/site-packages/qwen-tts,f4c78c77e79916d9610490ed71d0020e9c3e2f29803587473502652b9cbffccc,https://pypi.org/pypi/qwen-tts/0.1.1/json,Apache-2.0,qwen_tts-0.1.1.dist-info/licenses/LICENSE sha256=a44a6081c73ad75f0255bb2bb5cab74ef1829565a895a24e53a4f11290ab7655,not-byte-compared-except-imageio-ffmpeg,review actual wheel license and bundled native libraries,待核实
regex,2026.5.9,transitive-not-pinned,not-applicable,observed-dependency-closure,B-candidate,python-3.12.10-embed-amd64/Lib/site-packages/regex,463d12c4755958eaa7a11d0aed2d0e5e629f67d03ef484677ee3c72d70eccf81,https://pypi.org/pypi/regex/2026.5.9/json,Apache-2.0 AND CNRI-Python,regex-2026.5.9.dist-info/licenses/LICENSE.txt sha256=3d220c06594b826bbabf110312f60f385f99e57e529fa4b9e536f79091f8b4c7,not-byte-compared-except-imageio-ffmpeg,review actual wheel license and bundled native libraries,待核实
requests,2.32.5,transitive-not-pinned,not-applicable,observed-dependency-closure,B-candidate,python-3.12.10-embed-amd64/Lib/site-packages/requests,65b5a08da81f4915513e760965ff14b7518f65b7bb3efe0dab364bbcc4d40cb0,https://pypi.org/pypi/requests/2.32.5/json,License :: OSI Approved :: Apache Software License,requests-2.32.5.dist-info/licenses/LICENSE sha256=09e8a9bcec8067104652c168685ab0931e7868f9c8284b66f5ae6edae5f1130b,not-byte-compared-except-imageio-ffmpeg,review actual wheel license and bundled native libraries,待核实
rich,15.0.0,not-requested,not-applicable,extra-observed-not-proven-product-dependency,C-observed-extra,python-3.12.10-embed-amd64/Lib/site-packages/rich,fad34fc603fac4481bf81f8dd629492fc302c0ec31909c86644751512afb2e3b,https://pypi.org/pypi/rich/15.0.0/json,License :: OSI Approved :: MIT License,rich-15.0.0.dist-info/licenses/LICENSE sha256=deed7c17a4318158190a3ea239cc879a5a50271cebb98ae7025f48fbe58dca15,not-byte-compared-except-imageio-ffmpeg,review actual wheel license and bundled native libraries,待核实
safehttpx,0.1.7,not-requested,not-applicable,extra-observed-not-proven-product-dependency,C-observed-extra,python-3.12.10-embed-amd64/Lib/site-packages/safehttpx,5be3880c8660a8d390e6ed5c22360612f338d05cb25020e2f6ca1218a7e4f449,https://pypi.org/pypi/safehttpx/0.1.7/json,License :: OSI Approved :: MIT License,safehttpx-0.1.7.dist-info/licenses/LICENSE sha256=c71d239df91726fc519c6eb72d318ec65820627232b2f796219e87dcf35d0ab4,not-byte-compared-except-imageio-ffmpeg,review actual wheel license and bundled native libraries,待核实
safetensors,0.7.0,safetensors==0.7.0,True,direct-request,B-candidate,python-3.12.10-embed-amd64/Lib/site-packages/safetensors,6809326fbf17444dd520ab19f0a55b7a18476dbe52a430466bbf5389967c2aaa,https://pypi.org/pypi/safetensors/0.7.0/json,License :: OSI Approved :: Apache Software License,safetensors-0.7.0.dist-info/licenses/LICENSE sha256=1eb85fc97224598dad1852b5d6483bbcf0aa8608790dcc657a5a2a761ae9c8c6,not-byte-compared-except-imageio-ffmpeg,review actual wheel license and bundled native libraries,待核实
scikit-learn,1.8.0,transitive-not-pinned,not-applicable,observed-dependency-closure,B-candidate,python-3.12.10-embed-amd64/Lib/site-packages/scikit-learn,95a8f42f4170fc940a71fedfed4fd9353723eb44126130a971a072fe5305d967,https://pypi.org/pypi/scikit-learn/1.8.0/json,BSD-3-Clause,scikit_learn-1.8.0.dist-info/licenses/COPYING sha256=8d624f8b89a736db9539b9b64447a439352eabe2f8e2937b0860c5e2470268e1; sklearn/externals/array_api_compat/LICENSE sha256=464569596b7e6162762669e4e4d1fe8d2618c03901ca7ba36e2603415fb6865d; sklearn/externals/array_api_extra/LICENSE sha256=8b2e8a4aa8a98ed811f17be2807b1eb90dcb021c1e5a0304d784d0a24f4ee907; sklearn/svm/src/liblinear/COPYRIGHT sha256=5e6d496ace27b9b277e2311f894c8100660e8c95ce909c1c1f1abb4702946415,not-byte-compared-except-imageio-ffmpeg,review actual wheel license and bundled native libraries,待核实
scipy,1.17.1,transitive-not-pinned,not-applicable,observed-dependency-closure,B-candidate,python-3.12.10-embed-amd64/Lib/site-packages/scipy,3a61ac02d145c9ca53f53d3f6f58d09017727a317731d0af02909730d4403e32,https://pypi.org/pypi/scipy/1.17.1/json,License :: OSI Approved :: BSD License,scipy-1.17.1.dist-info/LICENSE.txt sha256=564d63dbef2ef3eb1dec94908966d3edf5f11c487ee2cf2baf8bf3faef01bdd9; scipy/_lib/_uarray/LICENSE sha256=e4c4acc31e8287066d7c995d26e3ef902ca1977ee187b260b11c278366503811; scipy/fft/_pocketfft/LICENSE.md sha256=c04661685cff9d8035fe1c4c3ab357e7f7633cafc06a73e9d90c3c5fede8a86a; scipy/integrate/LICENSE_DOP sha256=6cc2ed6e35b8f376ff3d8f86aeef4e0c34c2309bd6f4a0565936d577839ba023; scipy/spatial/qhull_src/COPYING_QHULL.txt sha256=2a6ebb495e26dd5f88cbc40c593733da6edb27b64936f70409cd5a1acafb1c32,not-byte-compared-except-imageio-ffmpeg,review actual wheel license and bundled native libraries,待核实
semantic-version,2.10.0,not-requested,not-applicable,extra-observed-not-proven-product-dependency,C-observed-extra,python-3.12.10-embed-amd64/Lib/site-packages/semantic-version,7414d469a569046b6a246bfb1f105aab1b7abfdc32a95253f15432ea30159aa6,https://pypi.org/pypi/semantic-version/2.10.0/json,License :: OSI Approved :: BSD License,semantic_version-2.10.0.dist-info/LICENSE sha256=a85e7ef2fbc670d26781ed6844cd31a7e8ada65d21328f75a0b02402faae37ea,not-byte-compared-except-imageio-ffmpeg,review actual wheel license and bundled native libraries,待核实
sentencepiece,0.2.1,sentencepiece==0.2.1,True,direct-request,B-candidate,python-3.12.10-embed-amd64/Lib/site-packages/sentencepiece,ce0a2e9c599cd060a7bc3dffb18be5cfc3d5f293533e3ee4e870eaef0a5500fd,https://pypi.org/pypi/sentencepiece/0.2.1/json,not-declared,not-found-by-filename-scan,not-byte-compared-except-imageio-ffmpeg,review actual wheel license and bundled native libraries,待核实
setuptools,82.0.1,setuptools==79.0.1,False,direct-request,B-candidate,python-3.12.10-embed-amd64/Lib/site-packages/setuptools,75683f40e1121ebccbbca4d679ae2dbf8a0be0ba91531df285b28abe927a43f8,https://pypi.org/pypi/setuptools/82.0.1/json,MIT,setuptools-82.0.1.dist-info/licenses/LICENSE sha256=86da0f01aeae46348a3c3d465195dc1ceccde79f79e87769a64b8da04b2a4741; setuptools/_vendor/autocommand-2.2.2.dist-info/LICENSE sha256=ade78d04982d69972d444a8e14a94f87a2334dd3855cc80348ea8e240aa0df2d; setuptools/_vendor/backports.tarfile-1.2.0.dist-info/LICENSE sha256=86da0f01aeae46348a3c3d465195dc1ceccde79f79e87769a64b8da04b2a4741; setuptools/_vendor/importlib_metadata-8.7.1.dist-info/licenses/LICENSE sha256=458502e12d97bbf64438606a20044aa85eb05fb0a8a807bb35dbec253fd1fc04; setuptools/_vendor/jaraco.text-4.0.0.dist-info/LICENSE sha256=86da0f01aeae46348a3c3d465195dc1ceccde79f79e87769a64b8da04b2a4741; setuptools/_vendor/jaraco_context-6.1.0.dist-info/licenses/LICENSE sha256=9755a18519666e5f0f4cae3daad3d7012bcae48a600b31237d75e9fe134e6683; setuptools/_vendor/jaraco_functools-4.4.0.dist-info/licenses/LICENSE sha256=5a57cb4db85e2a2dd88c290628908add57e3451449e0a9a71fdfb38776fd759d; setuptools/_vendor/more_itertools-10.8.0.dist-info/licenses/LICENSE sha256=09f1c8c9e941af3e584d59641ea9b87d83c0cb0fd007eb5ef391a7e2643c1a46; setuptools/_vendor/packaging-26.0.dist-info/licenses/LICENSE sha256=cad1ef5bd340d73e074ba614d26f7deaca5c7940c3d8c34852e65c4909686c48; setuptools/_vendor/packaging-26.0.dist-info/licenses/LICENSE.APACHE sha256=0d542e0c8804e39aa7f37eb00da5a762149dc682d7829451287e11b938e94594; setuptools/_vendor/packaging-26.0.dist-info/licenses/LICENSE.BSD sha256=b70e7e9b742f1cc6f948b34c16aa39ffece94196364bc88ff0d2180f0028fac5; setuptools/_vendor/platformdirs-4.4.0.dist-info/licenses/LICENSE sha256=29e0fd62e929850e86eb28c3fdccf0cefdf4fa94879011cffb3d0d4bed6d4db6; setuptools/_vendor/tomli-2.4.0.dist-info/licenses/LICENSE sha256=b80816b0d530b8accb4c2211783790984a6e3b61922c2b5ee92f3372ab2742fe; setuptools/_vendor/wheel-0.46.3.dist-info/licenses/LICENSE.txt sha256=30c23618679108f3e8ea1d2a658c7ca417bdfc891c98ef1a89fa4ff0c9828654; setuptools/_vendor/zipp-3.23.0.dist-info/licenses/LICENSE sha256=5a57cb4db85e2a2dd88c290628908add57e3451449e0a9a71fdfb38776fd759d; setuptools/config/NOTICE sha256=2dddf08818297a3b89d43d95ff659d8da85741108c9136dfa3a4d856c0623bd8; setuptools/config/_validate_pyproject/NOTICE sha256=09c9bcea95ca086f8bc5bed174e40bc835b297d40fb5f86bbbb570fe0a5581a7,not-byte-compared-except-imageio-ffmpeg,review actual wheel license and bundled native libraries,待核实
shellingham,1.5.4,not-requested,not-applicable,extra-observed-not-proven-product-dependency,C-observed-extra,python-3.12.10-embed-amd64/Lib/site-packages/shellingham,183d80220a37493262795739dd357cc5bb3f49bd390cc9198d5180e5451a07fa,https://pypi.org/pypi/shellingham/1.5.4/json,License :: OSI Approved :: ISC License (ISCL),shellingham-1.5.4.dist-info/LICENSE sha256=f388fd38cad13112c1dc0f669bbe80e7f84541edbafb72f3030d2ca7642c3c9d,not-byte-compared-except-imageio-ffmpeg,review actual wheel license and bundled native libraries,待核实
sherpa-onnx-core,1.12.39,transitive-not-pinned,not-applicable,observed-dependency-closure,B-candidate,python-3.12.10-embed-amd64/Lib/site-packages/sherpa-onnx-core,0947b23019b47b3aa31091b9f8bc5db0cc39fc31c1a5af0cb17f74d973ef53ea,https://pypi.org/pypi/sherpa-onnx-core/1.12.39/json,Apache-2.0,not-found-by-filename-scan,not-byte-compared-except-imageio-ffmpeg,review actual wheel license and bundled native libraries,待核实
sherpa_onnx,1.12.39,sherpa-onnx==1.12.39,True,direct-request,B-candidate,python-3.12.10-embed-amd64/Lib/site-packages/sherpa_onnx,d36b5b124eb474edbb85c441e09c1f7707e9a23efbe47caee9bde8ad12d25728,https://pypi.org/pypi/sherpa_onnx/1.12.39/json,"Apache licensed, as found in the LICENSE file",sherpa_onnx-1.12.39.dist-info/licenses/LICENSE sha256=3ddf9be5c28fe27dad143a5dc76eea25222ad1dd68934a047064e56ed2fa40c5,not-byte-compared-except-imageio-ffmpeg,review actual wheel license and bundled native libraries,待核实
six,1.17.0,not-requested,not-applicable,extra-observed-not-proven-product-dependency,C-observed-extra,python-3.12.10-embed-amd64/Lib/site-packages/six,562042078c2752549f6d8a7c86dbc5dd708088a7be6d80672ec7b07100b72468,https://pypi.org/pypi/six/1.17.0/json,License :: OSI Approved :: MIT License,six-1.17.0.dist-info/LICENSE sha256=4375ba20e2b9c6c4e7cad2940a628fd90e95cc3d50ee92aae755715d8ba1fbd0,not-byte-compared-except-imageio-ffmpeg,review actual wheel license and bundled native libraries,待核实
sounddevice,0.5.5,sounddevice==0.5.5,True,direct-request,B-candidate,python-3.12.10-embed-amd64/Lib/site-packages/sounddevice,06084da6630a6dc02ef6c62e67d55ae7323cb22f0a559618c8286cb5234e241d,https://pypi.org/pypi/sounddevice/0.5.5/json,MIT,sounddevice-0.5.5.dist-info/licenses/LICENSE sha256=b6eea21bbafbaf7a2177e492f1be6b5efc6f4e708b1980773de51cdaa52f8211,not-byte-compared-except-imageio-ffmpeg,review actual wheel license and bundled native libraries,待核实
soundfile,0.12.1,soundfile==0.12.1,True,direct-request,B-candidate,python-3.12.10-embed-amd64/Lib/site-packages/soundfile,d200e6f6a800b0a38f0c523d28952ad7af50278ab6877edad90101e56da626e3,https://pypi.org/pypi/soundfile/0.12.1/json,License :: OSI Approved :: BSD License,_soundfile_data/COPYING sha256=ad01ea5cd2755f6048383c8d54c88459cd6fcb17757c5c8892f8c5ea060f6140; soundfile-0.12.1.dist-info/LICENSE sha256=0dd2e411fed553ba891845077e5a32c5b726d1bbc46ff31a2118ae1ccf816752,not-byte-compared-except-imageio-ffmpeg,review actual wheel license and bundled native libraries,待核实
sox,1.4.1,sox==1.5.0,False,direct-request,B-candidate,python-3.12.10-embed-amd64/Lib/site-packages/sox,0736ecf667fb557502f9862374751fa5b50596a4e33f40f2bea23f91b099f3b4,https://pypi.org/pypi/sox/1.4.1/json,BSD-3-Clause,sox-1.4.1.dist-info/LICENSE sha256=852a7b5216348945fe66a6481b522fc1b4d5f8e209f9704e1d156482fd4af47e,not-byte-compared-except-imageio-ffmpeg,review actual wheel license and bundled native libraries,待核实
soxr,1.1.0,transitive-not-pinned,not-applicable,observed-dependency-closure,B-candidate,python-3.12.10-embed-amd64/Lib/site-packages/soxr,4e2130ae330b85d863346ac935888e66d6816d8e934b6f4416614e8d22a4dc2e,https://pypi.org/pypi/soxr/1.1.0/json,LGPL-2.1-or-later,soxr-1.1.0.dist-info/licenses/COPYING.LGPL sha256=317dfba8116739654c8c2d8acbc9c7edfcf34e3932e7a4b15307435228f98c3a; soxr-1.1.0.dist-info/licenses/LICENSE-PFFFT.txt sha256=7847a2f45a0da613240a7e542980677c16613b1c8258190c15f8bf275032bb2d; soxr-1.1.0.dist-info/licenses/LICENSE-libsoxr.txt sha256=73b946c198ad27fc2ae7bea2de6ec6d1b6c0733340d1759a450150271347e5af; soxr-1.1.0.dist-info/licenses/LICENSE.txt sha256=16ce7f03077f25fac6a9b89fdf6136927595f6b85db9197381ee99c1ecba357b,not-byte-compared-except-imageio-ffmpeg,review actual wheel license and bundled native libraries,待核实
starlette,1.0.0,not-requested,not-applicable,extra-observed-not-proven-product-dependency,C-observed-extra,python-3.12.10-embed-amd64/Lib/site-packages/starlette,d528264928766caf6036b93c410019e9444ace44f9ab4e23ca302badc7fbff93,https://pypi.org/pypi/starlette/1.0.0/json,BSD-3-Clause,starlette-1.0.0.dist-info/licenses/LICENSE.md sha256=dcb95677a02240243187e964f941847d19b17821cf99e5afae684fab328c19bf,not-byte-compared-except-imageio-ffmpeg,review actual wheel license and bundled native libraries,待核实
sympy,1.14.0,transitive-not-pinned,not-applicable,observed-dependency-closure,B-candidate,python-3.12.10-embed-amd64/Lib/site-packages/sympy,b756c2fbfd5be05ac5bdb0ebca61f55618f30f633ed92d88a5687429313a7595,https://pypi.org/pypi/sympy/1.14.0/json,License :: OSI Approved :: BSD License,sympy-1.14.0.dist-info/licenses/LICENSE sha256=07a5e9819f727b4986ad2829c7a29a6320d42575f720eb24d71b7fef573a0286; sympy/parsing/latex/LICENSE.txt sha256=007bc30a58fa40a996e772047120de4eaf31f5110e4f9c3b5f93fcdfbe2eaca1,not-byte-compared-except-imageio-ffmpeg,review actual wheel license and bundled native libraries,待核实
tabulate,0.9.0,not-requested,not-applicable,extra-observed-not-proven-product-dependency,C-observed-extra,python-3.12.10-embed-amd64/Lib/site-packages/tabulate,f2802aade2612091b45951f265af29174f90c3236f68cc8ccdeb646941e62969,https://pypi.org/pypi/tabulate/0.9.0/json,License :: OSI Approved :: MIT License,tabulate-0.9.0.dist-info/LICENSE sha256=cdfab50d37d8ead06468fb76a3abafcd05c16749ec8a18eebfa50fd48c7cb2d2,not-byte-compared-except-imageio-ffmpeg,review actual wheel license and bundled native libraries,待核实
threadpoolctl,3.6.0,transitive-not-pinned,not-applicable,observed-dependency-closure,B-candidate,python-3.12.10-embed-amd64/Lib/site-packages/threadpoolctl,a45df8d07ea1883d772183a501d7d526076aa70dfcfddb276a2cbdc04def5341,https://pypi.org/pypi/threadpoolctl/3.6.0/json,License :: OSI Approved :: BSD License,threadpoolctl-3.6.0.dist-info/licenses/LICENSE sha256=81ac619075248b06e53660b652d10e485f4675f5d0ae0f97ea22370da1f7e23b,not-byte-compared-except-imageio-ffmpeg,review actual wheel license and bundled native libraries,待核实
tokenizers,0.22.2,transitive-not-pinned,not-applicable,observed-dependency-closure,B-candidate,python-3.12.10-embed-amd64/Lib/site-packages/tokenizers,15a5ddaf489f592b77e0a934c0eeb46b51130a94064ca129232afdb0a3868efc,https://pypi.org/pypi/tokenizers/0.22.2/json,License :: OSI Approved :: Apache Software License,not-found-by-filename-scan,not-byte-compared-except-imageio-ffmpeg,review actual wheel license and bundled native libraries,待核实
tomlkit,0.14.0,not-requested,not-applicable,extra-observed-not-proven-product-dependency,C-observed-extra,python-3.12.10-embed-amd64/Lib/site-packages/tomlkit,2404b6a8b042bad3dbd0e0d5c0009fffc351fc718cf77bc1d908b4ead77565b9,https://pypi.org/pypi/tomlkit/0.14.0/json,License :: OSI Approved :: MIT License,tomlkit-0.14.0.dist-info/licenses/LICENSE sha256=f2f9b460ba719da6626add264d3782f275a4ff7aab677beda08b330911e23adb,not-byte-compared-except-imageio-ffmpeg,review actual wheel license and bundled native libraries,待核实
torch,2.10.0,torch==2.10.0,True,direct-request,B-candidate,python-3.12.10-embed-amd64/Lib/site-packages/torch,7533a85701acaee468218af4497a84309d365ab02118f9547c01f271ae75a4e2,https://pypi.org/pypi/torch/2.10.0/json,BSD-3-Clause,torch-2.10.0.dist-info/LICENSE sha256=fdebf104aa527ebbdbf378de158ffb2b1dd461a37160d142e4f8ecac9e943b8e; torch-2.10.0.dist-info/NOTICE sha256=1c3dec6c0342c7ed9e12af59b296c7bb1d394af5cf881db74191cc8299efce5c,not-byte-compared-except-imageio-ffmpeg,review actual wheel license and bundled native libraries,待核实
torchaudio,2.11.0,torchaudio==2.10.0,False,direct-request,B-candidate,python-3.12.10-embed-amd64/Lib/site-packages/torchaudio,1ac77b6a77750febc5fe4921ac29d43b3cebf5b191d03c0e1413cab7e343ac31,https://pypi.org/pypi/torchaudio/2.11.0/json,License :: OSI Approved :: BSD License,torchaudio-2.11.0.dist-info/licenses/LICENSE sha256=32638e179931bfe551eabf67b0e67a13b483e166b58dd7263634ab7f89f396f5,not-byte-compared-except-imageio-ffmpeg,review actual wheel license and bundled native libraries,待核实
tqdm,4.67.3,transitive-not-pinned,not-applicable,observed-dependency-closure,B-candidate,python-3.12.10-embed-amd64/Lib/site-packages/tqdm,7c0e9a662c19095f339a4b761201eb06cff9c61fb9581535b2f96f44e718ed29,https://pypi.org/pypi/tqdm/4.67.3/json,MPL-2.0 AND MIT,not-found-by-filename-scan,not-byte-compared-except-imageio-ffmpeg,review actual wheel license and bundled native libraries,待核实
transformers,4.57.3,transformers==4.57.3,True,direct-request,B-candidate,python-3.12.10-embed-amd64/Lib/site-packages/transformers,ab7bf54a8650a611b6e045af2b681993f261302f7ee4dca8857712de0737c577,https://pypi.org/pypi/transformers/4.57.3/json,License :: OSI Approved :: Apache Software License,transformers-4.57.3.dist-info/licenses/LICENSE sha256=77fd4710def9ec3c0f6225800e0235f15a425abd4a8b03559127fcd782612049,not-byte-compared-except-imageio-ffmpeg,review actual wheel license and bundled native libraries,待核实
typer,0.25.1,not-requested,not-applicable,extra-observed-not-proven-product-dependency,C-observed-extra,python-3.12.10-embed-amd64/Lib/site-packages/typer,304553e1baf26f16bcefa5b52dd7dad869e750b5967dfd774b8966748f5d36ff,https://pypi.org/pypi/typer/0.25.1/json,MIT,typer-0.25.1.dist-info/licenses/LICENSE sha256=58992cebcf8dfb6e40c4e2112ed12126c243666dca3912a3d78b7ecac4859d49,not-byte-compared-except-imageio-ffmpeg,review actual wheel license and bundled native libraries,待核实
typing-inspection,0.4.2,not-requested,not-applicable,extra-observed-not-proven-product-dependency,C-observed-extra,python-3.12.10-embed-amd64/Lib/site-packages/typing-inspection,61096cd0bfe3c7040b6f98c22b02d190fe01936d0ff7616c5134fed02891953a,https://pypi.org/pypi/typing-inspection/0.4.2/json,MIT,typing_inspection-0.4.2.dist-info/licenses/LICENSE sha256=804b59b25f2c31bd278f9202a19ae49a3945aa2664387e2d0a128c7cacc61ec3,not-byte-compared-except-imageio-ffmpeg,review actual wheel license and bundled native libraries,待核实
typing_extensions,4.15.0,transitive-not-pinned,not-applicable,observed-dependency-closure,B-candidate,python-3.12.10-embed-amd64/Lib/site-packages/typing_extensions,c138378fe8f18934ac99de060535c53ec6c13aeed65e94c32641da7ee3192a72,https://pypi.org/pypi/typing_extensions/4.15.0/json,PSF-2.0,typing_extensions-4.15.0.dist-info/licenses/LICENSE sha256=3b2f81fe21d181c499c59a256c8e1968455d6689d269aa85373bfb6af41da3bf,not-byte-compared-except-imageio-ffmpeg,review actual wheel license and bundled native libraries,待核实
tzdata,2026.2,not-requested,not-applicable,extra-observed-not-proven-product-dependency,C-observed-extra,python-3.12.10-embed-amd64/Lib/site-packages/tzdata,1f197d996db42bf40a79d3578084963f6204506dfee9809af81586dbb9607061,https://pypi.org/pypi/tzdata/2026.2/json,Apache-2.0,tzdata-2026.2.dist-info/licenses/LICENSE sha256=33e8e5002d3512d3fcc2282b995e6bad9d334781b9c5ac31843f404900e1f3b4; tzdata-2026.2.dist-info/licenses/licenses/LICENSE_APACHE sha256=c71d239df91726fc519c6eb72d318ec65820627232b2f796219e87dcf35d0ab4,not-byte-compared-except-imageio-ffmpeg,review actual wheel license and bundled native libraries,待核实
urllib3,2.6.3,transitive-not-pinned,not-applicable,observed-dependency-closure,B-candidate,python-3.12.10-embed-amd64/Lib/site-packages/urllib3,e91390cc9af49b019738f1d739b5cd925130c32e9d3e6acc0863c21c5d9882ef,https://pypi.org/pypi/urllib3/2.6.3/json,MIT,urllib3-2.6.3.dist-info/licenses/LICENSE.txt sha256=130e3a64d5fdd5d096a752694634a7d9df284469de86e5732100268041e3d686,not-byte-compared-except-imageio-ffmpeg,review actual wheel license and bundled native libraries,待核实
uvicorn,0.47.0,not-requested,not-applicable,extra-observed-not-proven-product-dependency,C-observed-extra,python-3.12.10-embed-amd64/Lib/site-packages/uvicorn,f0932566ae6b0d700fdff896d843b6a0e3d03bf4397220b6bdfa5e0edd41c3f1,https://pypi.org/pypi/uvicorn/0.47.0/json,BSD-3-Clause,uvicorn-0.47.0.dist-info/licenses/LICENSE.md sha256=efe1acf3e62fb99c288b0ec73e5a773b7268ef4320fe757ea994214e4b63c371,not-byte-compared-except-imageio-ffmpeg,review actual wheel license and bundled native libraries,待核实
Werkzeug,3.1.6,transitive-not-pinned,not-applicable,observed-dependency-closure,B-candidate,python-3.12.10-embed-amd64/Lib/site-packages/Werkzeug,de091e6e746e8022d598e6e0886c497a2dfe0db54d94f0f1aeb230ba4416384d,https://pypi.org/pypi/Werkzeug/3.1.6/json,BSD-3-Clause,werkzeug-3.1.6.dist-info/licenses/LICENSE.txt sha256=3b49dcee4105eb37bac10faf1be260408fe85d252b8e9df2e0979fc1e094437b,not-byte-compared-except-imageio-ffmpeg,review actual wheel license and bundled native libraries,待核实
yarl,1.22.0,not-requested,not-applicable,extra-observed-not-proven-product-dependency,C-observed-extra,python-3.12.10-embed-amd64/Lib/site-packages/yarl,8004c398c5d50b9ded9c4143c0570e775b242b914cf2424d6d8f061640910cb8,https://pypi.org/pypi/yarl/1.22.0/json,License :: OSI Approved :: Apache Software License,yarl-1.22.0.dist-info/licenses/LICENSE sha256=cfc7749b96f63bd31c3c42b5c471bf756814053e847c10f3eb003417bc523d30; yarl-1.22.0.dist-info/licenses/NOTICE sha256=56d6ac6c8105c0a51304c21db060e361af9a8ea0af9a75c239c28b5d13693838,not-byte-compared-except-imageio-ffmpeg,review actual wheel license and bundled native libraries,待核实
