path,sha256,workspace_equal,speaker,preset,language,text,declared_size,actual_size,origin,generation_settings,delivery,status
bashi-privacy-app/static/audio/style_previews/aiden/briefing.mp3,4260616e81559d8c2e45a2b8455c5f28705f4f232038d964fde2ec47cae7e2d3,True,aiden,briefing,en,"Good morning, welcome to today's episode number three.",28173,28173,maintainer-confirmed CustomVoice generated,exact seed and model/runtime hash not recorded in bundled manifest,A,待核实
bashi-privacy-app/static/audio/style_previews/aiden/classic_recitation.mp3,d91610e6f7972779f112c134a80bf2c2218ea4fc834a2761837688c5de2becf8,True,aiden,classic_recitation,en,"Good morning, welcome to today's episode number three.",33837,33837,maintainer-confirmed CustomVoice generated,exact seed and model/runtime hash not recorded in bundled manifest,A,待核实
bashi-privacy-app/static/audio/style_previews/aiden/clear_slow_reading.mp3,503203a67c1e5e77171140ef7beef99f8e51fd37f3be7474edec86484eadbecc,True,aiden,clear_slow_reading,en,"Good morning, welcome to today's episode number three.",43509,43509,maintainer-confirmed CustomVoice generated,exact seed and model/runtime hash not recorded in bundled manifest,A,待核实
bashi-privacy-app/static/audio/style_previews/aiden/language_class.mp3,427194356114b4fdfa2e1358dd383ca4e8580c40406120da35d53e5da15d6504,True,aiden,language_class,en,"Good morning, welcome to today's episode number three.",59085,59085,maintainer-confirmed CustomVoice generated,exact seed and model/runtime hash not recorded in bundled manifest,A,待核实
bashi-privacy-app/static/audio/style_previews/aiden/standard_reading.mp3,7da3975e5c394b25e4bea601412e0dfe6da09feea55bc38afe274cb361cb7e22,True,aiden,standard_reading,en,"Good morning, welcome to today's episode number three.",35469,35469,maintainer-confirmed CustomVoice generated,exact seed and model/runtime hash not recorded in bundled manifest,A,待核实
bashi-privacy-app/static/audio/style_previews/dylan/briefing.mp3,6222d045e227db91f5a11ff7a6e6bfc17a57a32a5f76d510329eb8bd4c4e1cda,True,dylan,briefing,zh,早上好，欢迎收听今天第 3 期播报。,28053,28053,maintainer-confirmed CustomVoice generated,exact seed and model/runtime hash not recorded in bundled manifest,A,待核实
bashi-privacy-app/static/audio/style_previews/dylan/classic_recitation.mp3,d71abf6ae53988233619a3db49ef2beccd83cc1b59410ae6169cf298c08ad973,True,dylan,classic_recitation,zh,早上好，欢迎收听今天第 3 期播报。,33261,33261,maintainer-confirmed CustomVoice generated,exact seed and model/runtime hash not recorded in bundled manifest,A,待核实
bashi-privacy-app/static/audio/style_previews/dylan/clear_slow_reading.mp3,871dc0c08f95ea1296081acff97376ae288df9d05bf202c5796036901cb3ebc9,True,dylan,clear_slow_reading,zh,早上好，欢迎收听今天第 3 期播报。,42477,42477,maintainer-confirmed CustomVoice generated,exact seed and model/runtime hash not recorded in bundled manifest,A,待核实
bashi-privacy-app/static/audio/style_previews/dylan/language_class.mp3,9dba3c48e49b776a634b800ea7022773e419a6876f0b855680e48cc03d9b732b,True,dylan,language_class,zh,早上好，欢迎收听今天第 3 期播报。,47589,47589,maintainer-confirmed CustomVoice generated,exact seed and model/runtime hash not recorded in bundled manifest,A,待核实
bashi-privacy-app/static/audio/style_previews/dylan/standard_reading.mp3,e4c4f5f72cfacf59846aae3a33a7648157d2f5484593d814296bfa718d902946,True,dylan,standard_reading,zh,早上好，欢迎收听今天第 3 期播报。,31773,31773,maintainer-confirmed CustomVoice generated,exact seed and model/runtime hash not recorded in bundled manifest,A,待核实
bashi-privacy-app/static/audio/style_previews/eric/briefing.mp3,dcae7ead417a738a9e949b41c151f2904b1da49f7a40ed1dbbcd3a10eb301070,True,eric,briefing,zh,早上好，欢迎收听今天第 3 期播报。,26901,26901,maintainer-confirmed CustomVoice generated,exact seed and model/runtime hash not recorded in bundled manifest,A,待核实
bashi-privacy-app/static/audio/style_previews/eric/classic_recitation.mp3,28b2b1da65f5196065ee0811780dd961352212efe7e1707e080fb3b5e161deba,True,eric,classic_recitation,zh,早上好，欢迎收听今天第 3 期播报。,32949,32949,maintainer-confirmed CustomVoice generated,exact seed and model/runtime hash not recorded in bundled manifest,A,待核实
bashi-privacy-app/static/audio/style_previews/eric/clear_slow_reading.mp3,62da4c32b162d5bc8550067ccbc1511f70edb62360ce1d06fe6644b900964c5c,True,eric,clear_slow_reading,zh,早上好，欢迎收听今天第 3 期播报。,37197,37197,maintainer-confirmed CustomVoice generated,exact seed and model/runtime hash not recorded in bundled manifest,A,待核实
bashi-privacy-app/static/audio/style_previews/eric/language_class.mp3,29a9b55e5c23e599615c3d4ea3b3ae1d45d60bb591f3bc4b4642ce94af5486ed,True,eric,language_class,zh,早上好，欢迎收听今天第 3 期播报。,31149,31149,maintainer-confirmed CustomVoice generated,exact seed and model/runtime hash not recorded in bundled manifest,A,待核实
bashi-privacy-app/static/audio/style_previews/eric/standard_reading.mp3,e08e13fec217598256128f6cf8eb8f3fb9d893aad8d4a82ab32820ea7df6bea9,True,eric,standard_reading,zh,早上好，欢迎收听今天第 3 期播报。,28269,28269,maintainer-confirmed CustomVoice generated,exact seed and model/runtime hash not recorded in bundled manifest,A,待核实
bashi-privacy-app/static/audio/style_previews/ono_anna/briefing.mp3,1d0cab759dcea7b92d4cc24fc8f7102cd0912fa030e895fae4d1b188d37d1be7,True,ono_anna,briefing,ja,おはようございます。今日は第3回の放送へようこそ。,45573,45573,maintainer-confirmed CustomVoice generated,exact seed and model/runtime hash not recorded in bundled manifest,A,待核实
bashi-privacy-app/static/audio/style_previews/ono_anna/classic_recitation.mp3,cb32bf62e5fbd1e7828f726117413f972b28e0d9c7ae02b163beefa66ae94f19,True,ono_anna,classic_recitation,ja,おはようございます。今日は第3回の放送へようこそ。,40221,40221,maintainer-confirmed CustomVoice generated,exact seed and model/runtime hash not recorded in bundled manifest,A,待核实
bashi-privacy-app/static/audio/style_previews/ono_anna/clear_slow_reading.mp3,f701d625e6813da40f0967a44c43890c825873f21fcb2f3c72c0ef349162681c,True,ono_anna,clear_slow_reading,ja,おはようございます。今日は第3回の放送へようこそ。,40749,40749,maintainer-confirmed CustomVoice generated,exact seed and model/runtime hash not recorded in bundled manifest,A,待核实
bashi-privacy-app/static/audio/style_previews/ono_anna/language_class.mp3,2cf3ec66ffd4e1765c02ff7f8747a63afc761aa267280e91033bc81b41a4156d,True,ono_anna,language_class,ja,おはようございます。今日は第3回の放送へようこそ。,63405,63405,maintainer-confirmed CustomVoice generated,exact seed and model/runtime hash not recorded in bundled manifest,A,待核实
bashi-privacy-app/static/audio/style_previews/ono_anna/standard_reading.mp3,2baeb4975694a52fdac0ce8d2101dd3fa73a12f75a524d166698b4af291b702e,True,ono_anna,standard_reading,ja,おはようございます。今日は第3回の放送へようこそ。,37773,37773,maintainer-confirmed CustomVoice generated,exact seed and model/runtime hash not recorded in bundled manifest,A,待核实
bashi-privacy-app/static/audio/style_previews/ryan/briefing.mp3,5ffa0d5ba55e7420a5b7738dc640519a7ec2b1e9e018eb0bc07a8f2920218f44,True,ryan,briefing,en,"Good morning, welcome to today's episode number three.",35205,35205,maintainer-confirmed CustomVoice generated,exact seed and model/runtime hash not recorded in bundled manifest,A,待核实
bashi-privacy-app/static/audio/style_previews/ryan/classic_recitation.mp3,df5f5c1b5f34e3ef6c111cede7215f8912f9df4858be3e1283001fe2a86e3da4,True,ryan,classic_recitation,en,"Good morning, welcome to today's episode number three.",46389,46389,maintainer-confirmed CustomVoice generated,exact seed and model/runtime hash not recorded in bundled manifest,A,待核实
bashi-privacy-app/static/audio/style_previews/ryan/clear_slow_reading.mp3,4c1579a61e4a961352196de644e0b90946413966a012edb0c2c3749dd759f12d,True,ryan,clear_slow_reading,en,"Good morning, welcome to today's episode number three.",58869,58869,maintainer-confirmed CustomVoice generated,exact seed and model/runtime hash not recorded in bundled manifest,A,待核实
bashi-privacy-app/static/audio/style_previews/ryan/language_class.mp3,5dfbeeecdf7e95b3cfb9a479e675b55beb5d984810bd1e2f8f02384e282de263,True,ryan,language_class,en,"Good morning, welcome to today's episode number three.",72381,72381,maintainer-confirmed CustomVoice generated,exact seed and model/runtime hash not recorded in bundled manifest,A,待核实
bashi-privacy-app/static/audio/style_previews/ryan/standard_reading.mp3,d4c4960904489e3f4f2a5c59f4341b820ed2949fbebee12ddf3b2bf25faf1e05,True,ryan,standard_reading,en,"Good morning, welcome to today's episode number three.",63453,63453,maintainer-confirmed CustomVoice generated,exact seed and model/runtime hash not recorded in bundled manifest,A,待核实
bashi-privacy-app/static/audio/style_previews/serena/briefing.mp3,7e60dbc5d6d281cec2d8e8f5431eef5fac2ac512c505e42c1eee5be8aa00b64d,True,serena,briefing,zh,早上好，欢迎收听今天第 3 期播报。,27501,27501,maintainer-confirmed CustomVoice generated,exact seed and model/runtime hash not recorded in bundled manifest,A,待核实
bashi-privacy-app/static/audio/style_previews/serena/classic_recitation.mp3,c2de808e94f6caf8a9dd7900d327c309ebb12baa4b561391156cdc6c2306d061,True,serena,classic_recitation,zh,早上好，欢迎收听今天第 3 期播报。,31317,31317,maintainer-confirmed CustomVoice generated,exact seed and model/runtime hash not recorded in bundled manifest,A,待核实
bashi-privacy-app/static/audio/style_previews/serena/clear_slow_reading.mp3,1a3eb91e1296b9523624c2a395c8e711d6b68eb338fc4e528938b0ec37c11ef2,True,serena,clear_slow_reading,zh,早上好，欢迎收听今天第 3 期播报。,37293,37293,maintainer-confirmed CustomVoice generated,exact seed and model/runtime hash not recorded in bundled manifest,A,待核实
bashi-privacy-app/static/audio/style_previews/serena/language_class.mp3,e3da714337d8f173303047d2b6bf257a3205f77074d302c62c2b02f5bb8b2d6c,True,serena,language_class,zh,早上好，欢迎收听今天第 3 期播报。,36405,36405,maintainer-confirmed CustomVoice generated,exact seed and model/runtime hash not recorded in bundled manifest,A,待核实
bashi-privacy-app/static/audio/style_previews/serena/standard_reading.mp3,fa7a7a7e70165cd55e19fc7c715dfee381701c22ac887544130bab19b2ad7485,True,serena,standard_reading,zh,早上好，欢迎收听今天第 3 期播报。,33645,33645,maintainer-confirmed CustomVoice generated,exact seed and model/runtime hash not recorded in bundled manifest,A,待核实
bashi-privacy-app/static/audio/style_previews/sohee/briefing.mp3,e1463d37ef98028e0677b829234a7f02eaf8e45fe2d029585e180057b47f96d2,True,sohee,briefing,ko,좋은 아침입니다. 오늘 제3회 방송에 오신 것을 환영합니다.,53133,53133,maintainer-confirmed CustomVoice generated,exact seed and model/runtime hash not recorded in bundled manifest,A,待核实
bashi-privacy-app/static/audio/style_previews/sohee/classic_recitation.mp3,889ad76835eb0dd101a5b498edd7d125e48c3a47927a1ef562314825cd5367c7,True,sohee,classic_recitation,ko,좋은 아침입니다. 오늘 제3회 방송에 오신 것을 환영합니다.,52509,52509,maintainer-confirmed CustomVoice generated,exact seed and model/runtime hash not recorded in bundled manifest,A,待核实
bashi-privacy-app/static/audio/style_previews/sohee/clear_slow_reading.mp3,a782adc76316bc85906f1dc055538845174f17467d52bc15d4b109e0d5a4a54e,True,sohee,clear_slow_reading,ko,좋은 아침입니다. 오늘 제3회 방송에 오신 것을 환영합니다.,72405,72405,maintainer-confirmed CustomVoice generated,exact seed and model/runtime hash not recorded in bundled manifest,A,待核实
bashi-privacy-app/static/audio/style_previews/sohee/language_class.mp3,ec4c881e1d08eaa97649464c9c97cfe07c5cdf5da014c6efd7419faea0fef119,True,sohee,language_class,ko,좋은 아침입니다. 오늘 제3회 방송에 오신 것을 환영합니다.,69765,69765,maintainer-confirmed CustomVoice generated,exact seed and model/runtime hash not recorded in bundled manifest,A,待核实
bashi-privacy-app/static/audio/style_previews/sohee/standard_reading.mp3,26f2850fb6786b94b39def304d6e38c76b5b542a2f3279342e20ebc6c65128b3,True,sohee,standard_reading,ko,좋은 아침입니다. 오늘 제3회 방송에 오신 것을 환영합니다.,59085,59085,maintainer-confirmed CustomVoice generated,exact seed and model/runtime hash not recorded in bundled manifest,A,待核实
bashi-privacy-app/static/audio/style_previews/uncle_fu/briefing.mp3,da95c138bb71e12ade26cfa23a579a0999518981f3ef2769b0c70cec06ad6e7d,True,uncle_fu,briefing,zh,早上好，欢迎收听今天第 3 期播报。,32013,32013,maintainer-confirmed CustomVoice generated,exact seed and model/runtime hash not recorded in bundled manifest,A,待核实
bashi-privacy-app/static/audio/style_previews/uncle_fu/classic_recitation.mp3,e3db862008f22ce54dac3985b3576c90fc49adfc1806cf1bf81b92257a246397,True,uncle_fu,classic_recitation,zh,早上好，欢迎收听今天第 3 期播报。,34533,34533,maintainer-confirmed CustomVoice generated,exact seed and model/runtime hash not recorded in bundled manifest,A,待核实
bashi-privacy-app/static/audio/style_previews/uncle_fu/clear_slow_reading.mp3,e80e6a87df52e0df6a0ac6dfba51d47cdd2a36cb3c75571072c3c140ef3c9bfa,True,uncle_fu,clear_slow_reading,zh,早上好，欢迎收听今天第 3 期播报。,40365,40365,maintainer-confirmed CustomVoice generated,exact seed and model/runtime hash not recorded in bundled manifest,A,待核实
bashi-privacy-app/static/audio/style_previews/uncle_fu/language_class.mp3,1874daa177430d4b3b67a4ea78afca5fa4986b14f455a2956e8b562f600a3a9f,True,uncle_fu,language_class,zh,早上好，欢迎收听今天第 3 期播报。,46725,46725,maintainer-confirmed CustomVoice generated,exact seed and model/runtime hash not recorded in bundled manifest,A,待核实
bashi-privacy-app/static/audio/style_previews/uncle_fu/standard_reading.mp3,dcaaaa585a9798fc8632c0a7649fcbb087a04fe1179b9df9559ea9da257836e0,True,uncle_fu,standard_reading,zh,早上好，欢迎收听今天第 3 期播报。,33285,33285,maintainer-confirmed CustomVoice generated,exact seed and model/runtime hash not recorded in bundled manifest,A,待核实
bashi-privacy-app/static/audio/style_previews/vivian/briefing.mp3,e9405f43e428975169631746369ec28212ec67857d8ff01e39a6b8c1c35e4243,True,vivian,briefing,zh,早上好，欢迎收听今天第 3 期播报。,29493,29493,maintainer-confirmed CustomVoice generated,exact seed and model/runtime hash not recorded in bundled manifest,A,待核实
bashi-privacy-app/static/audio/style_previews/vivian/classic_recitation.mp3,b7a890109aae0da2930840317b2a2d1afee3d76d41ea3e777b5b726bc844cba4,True,vivian,classic_recitation,zh,早上好，欢迎收听今天第 3 期播报。,41661,41661,maintainer-confirmed CustomVoice generated,exact seed and model/runtime hash not recorded in bundled manifest,A,待核实
bashi-privacy-app/static/audio/style_previews/vivian/clear_slow_reading.mp3,38cac545c5b336a52bc06e050e3dd5fd89d2bb77cfaa7b7d4bc9d7a26f718fa9,True,vivian,clear_slow_reading,zh,早上好，欢迎收听今天第 3 期播报。,41997,41997,maintainer-confirmed CustomVoice generated,exact seed and model/runtime hash not recorded in bundled manifest,A,待核实
bashi-privacy-app/static/audio/style_previews/vivian/language_class.mp3,90ae04352778fdcf1f563df6840aef417b93fe8d97030e9b64f9f15fe4483508,True,vivian,language_class,zh,早上好，欢迎收听今天第 3 期播报。,92709,92709,maintainer-confirmed CustomVoice generated,exact seed and model/runtime hash not recorded in bundled manifest,A,待核实
bashi-privacy-app/static/audio/style_previews/vivian/standard_reading.mp3,f4e20109c118872546fee6ec2cecd631ae0f9d8a20cbec5d03f9593e429aa756,True,vivian,standard_reading,zh,早上好，欢迎收听今天第 3 期播报。,32565,32565,maintainer-confirmed CustomVoice generated,exact seed and model/runtime hash not recorded in bundled manifest,A,待核实
