path,bytes,sha256,component,version,source,license,terms,modification,delivery,required_notices,status
bashi-privacy-app/models/,0,e3b0c44298fc1c149afbf4c8996fb92427ae41e4649b934ca495991b7852b855,directory,n/a,n/a,n/a,THIRD_PARTY.md and licenses/README.md; pending where stated,not-a-file,A,no-license-required,已核实
bashi-privacy-app/static/,0,e3b0c44298fc1c149afbf4c8996fb92427ae41e4649b934ca495991b7852b855,directory,n/a,n/a,n/a,THIRD_PARTY.md and licenses/README.md; pending where stated,not-a-file,A,no-license-required,已核实
bashi-privacy-app/app.py,8585,a0b0cf3789a4cde569173c83f6284aa923b702a4b55fd3e5bd3588f433bc2fff,bashi-code-and-docs,0.1.4,project-source-and-release,MIT; third-party portions retain their own terms,THIRD_PARTY.md and licenses/README.md; pending where stated,project-authored-or-assembled,A,retain project LICENSE; embedded manual fonts not yet inventoried,待核实
bashi-privacy-app/audio_encoding.py,1689,977a1b1e590e602ed7a98b29138106960b24bd0b54f3563987346e2c6151ea15,bashi-code-and-docs,0.1.4,project-source-and-release,MIT; third-party portions retain their own terms,THIRD_PARTY.md and licenses/README.md; pending where stated,project-authored-or-assembled,A,retain project LICENSE; embedded manual fonts not yet inventoried,待核实
bashi-privacy-app/backend_probe.py,28188,82fede3dcbde2e840aa64a08a0c6b76b782639c0da9be87a8aee45a7af23143e,bashi-code-and-docs,0.1.4,project-source-and-release,MIT; third-party portions retain their own terms,THIRD_PARTY.md and licenses/README.md; pending where stated,project-authored-or-assembled,A,retain project LICENSE; embedded manual fonts not yet inventoried,待核实
bashi-privacy-app/download_cuda_runtime.py,19418,3252cf2402f7dd2b9061deaaa3a93d22963f884accbce558aa2d30edcb731b92,bashi-code-and-docs,0.1.4,project-source-and-release,MIT; third-party portions retain their own terms,THIRD_PARTY.md and licenses/README.md; pending where stated,project-authored-or-assembled,A,retain project LICENSE; embedded manual fonts not yet inventoried,待核实
bashi-privacy-app/download_gguf_model.py,11271,080f8f355e591f671eec0148f8e0762b49fc7151d57733a832fc4e4f78245ada,bashi-code-and-docs,0.1.4,project-source-and-release,MIT; third-party portions retain their own terms,THIRD_PARTY.md and licenses/README.md; pending where stated,project-authored-or-assembled,A,retain project LICENSE; embedded manual fonts not yet inventoried,待核实
bashi-privacy-app/download_utils.py,506,35a1cede997899b7fad74d402c452d8a5e38603139897ee1ffbb20415a48c9d3,bashi-code-and-docs,0.1.4,project-source-and-release,MIT; third-party portions retain their own terms,THIRD_PARTY.md and licenses/README.md; pending where stated,project-authored-or-assembled,A,retain project LICENSE; embedded manual fonts not yet inventoried,待核实
bashi-privacy-app/LICENSE,1085,d04ef6fd8683a303c266dec9af2f859c36690bfb069252ac7da21486ab2e4de6,bashi-code-and-docs,0.1.4,project-source-and-release,MIT; third-party portions retain their own terms,THIRD_PARTY.md and licenses/README.md; pending where stated,project-authored-or-assembled,A,retain project LICENSE; embedded manual fonts not yet inventoried,待核实
bashi-privacy-app/local_tts_engine.py,258,eac47603d164c78ac389f92f13b6d5758254de3d05105390841c64a13136df67,bashi-code-and-docs,0.1.4,project-source-and-release,MIT; third-party portions retain their own terms,THIRD_PARTY.md and licenses/README.md; pending where stated,project-authored-or-assembled,A,retain project LICENSE; embedded manual fonts not yet inventoried,待核实
bashi-privacy-app/local_tts_engine_gguf.py,26377,059c83730f488e1888de03e5612564d64a721198df8be726b79a52c4b8a6bc6b,bashi-code-and-docs,0.1.4,project-source-and-release,MIT; third-party portions retain their own terms,THIRD_PARTY.md and licenses/README.md; pending where stated,project-authored-or-assembled,A,retain project LICENSE; embedded manual fonts not yet inventoried,待核实
bashi-privacy-app/local_tts_engine_pytorch.py,13246,f9f509d8059ffdb7a98fdc97a00cc9c2fab88323d9f91f14a8c100e27bf4c92f,bashi-code-and-docs,0.1.4,project-source-and-release,MIT; third-party portions retain their own terms,THIRD_PARTY.md and licenses/README.md; pending where stated,project-authored-or-assembled,A,retain project LICENSE; embedded manual fonts not yet inventoried,待核实
bashi-privacy-app/local_tts_service_base.py,4025,ad6ae6677463147cf82b0773c605042f9f8b4a26936b95e50d5c6ec019193433,bashi-code-and-docs,0.1.4,project-source-and-release,MIT; third-party portions retain their own terms,THIRD_PARTY.md and licenses/README.md; pending where stated,project-authored-or-assembled,A,retain project LICENSE; embedded manual fonts not yet inventoried,待核实
bashi-privacy-app/local_voice_catalog.py,3970,0afbddfd331595d4555960bf30f1eac337e2ef20f0c3a066c97e368134adf517,bashi-code-and-docs,0.1.4,project-source-and-release,MIT; third-party portions retain their own terms,THIRD_PARTY.md and licenses/README.md; pending where stated,project-authored-or-assembled,A,retain project LICENSE; embedded manual fonts not yet inventoried,待核实
bashi-privacy-app/logging_setup.py,2573,26a8bff396a0a0b7064f831c17037b090272a7d3f93e2d5ac2a0e12859744b1e,bashi-code-and-docs,0.1.4,project-source-and-release,MIT; third-party portions retain their own terms,THIRD_PARTY.md and licenses/README.md; pending where stated,project-authored-or-assembled,A,retain project LICENSE; embedded manual fonts not yet inventoried,待核实
bashi-privacy-app/model_manager.py,20663,1d6419261e77160cf3cd29d9dbc76e74eb7b0f4cf88481594eb2ca3fb68c9a6f,bashi-code-and-docs,0.1.4,project-source-and-release,MIT; third-party portions retain their own terms,THIRD_PARTY.md and licenses/README.md; pending where stated,project-authored-or-assembled,A,retain project LICENSE; embedded manual fonts not yet inventoried,待核实
bashi-privacy-app/PRIVACY.md,2613,68e35ea09de579012c74ef4086a1ec1f0242fe909026ae09d6fec517910721cd,bashi-code-and-docs,0.1.4,project-source-and-release,MIT; third-party portions retain their own terms,THIRD_PARTY.md and licenses/README.md; pending where stated,project-authored-or-assembled,A,retain project LICENSE; embedded manual fonts not yet inventoried,待核实
bashi-privacy-app/requirements.txt,749,e9b6f391b286bfe7813cda44c40dd21b43faaa0ca5e2d3730ba0e183f3d92ea8,bashi-code-and-docs,0.1.4,project-source-and-release,MIT; third-party portions retain their own terms,THIRD_PARTY.md and licenses/README.md; pending where stated,project-authored-or-assembled,A,retain project LICENSE; embedded manual fonts not yet inventoried,待核实
bashi-privacy-app/run-gguf.cmd,156,5f0d5c9ec57296e950a7c3d5a97a8c0a317e561556e52c32f06a18f6016fbb61,bashi-code-and-docs,0.1.4,project-source-and-release,MIT; third-party portions retain their own terms,THIRD_PARTY.md and licenses/README.md; pending where stated,project-authored-or-assembled,A,retain project LICENSE; embedded manual fonts not yet inventoried,待核实
bashi-privacy-app/run-gguf.ps1,1708,4e1d73228e8423d3d30504dae8b41f9fb2e789db1defb24f173a1d4630e801e9,bashi-code-and-docs,0.1.4,project-source-and-release,MIT; third-party portions retain their own terms,THIRD_PARTY.md and licenses/README.md; pending where stated,project-authored-or-assembled,A,retain project LICENSE; embedded manual fonts not yet inventoried,待核实
bashi-privacy-app/run-pytorch.cmd,159,dc92d545304edbdee732d73b7089c05d200d59f48e098f4f4f65325c85ce8592,bashi-code-and-docs,0.1.4,project-source-and-release,MIT; third-party portions retain their own terms,THIRD_PARTY.md and licenses/README.md; pending where stated,project-authored-or-assembled,A,retain project LICENSE; embedded manual fonts not yet inventoried,待核实
bashi-privacy-app/run-pytorch.ps1,635,8a96d2cca3f349dc26cdadd566acc99df853edb00477ef6cabc0631bb46cd9ca,bashi-code-and-docs,0.1.4,project-source-and-release,MIT; third-party portions retain their own terms,THIRD_PARTY.md and licenses/README.md; pending where stated,project-authored-or-assembled,A,retain project LICENSE; embedded manual fonts not yet inventoried,待核实
bashi-privacy-app/run_portable.bat,526,9693c0e81ba050d3573ddb11bd203830275d3c2e4ee56c91fdcb427bda5bbac3,bashi-code-and-docs,0.1.4,project-source-and-release,MIT; third-party portions retain their own terms,THIRD_PARTY.md and licenses/README.md; pending where stated,project-authored-or-assembled,A,retain project LICENSE; embedded manual fonts not yet inventoried,待核实
bashi-privacy-app/run_portable.ps1,32833,084e69f48f62fdf1cb06862ac5ba23060467919db980a5a32a52e38c02e7397a,bashi-code-and-docs,0.1.4,project-source-and-release,MIT; third-party portions retain their own terms,THIRD_PARTY.md and licenses/README.md; pending where stated,project-authored-or-assembled,A,retain project LICENSE; embedded manual fonts not yet inventoried,待核实
bashi-privacy-app/speaker_diarization.py,14057,46f6f6cf3df392fa63a417d6f780eaa39cb9c7398c0bdc85874f3d7fcb2cd3ce,bashi-code-and-docs,0.1.4,project-source-and-release,MIT; third-party portions retain their own terms,THIRD_PARTY.md and licenses/README.md; pending where stated,project-authored-or-assembled,A,retain project LICENSE; embedded manual fonts not yet inventoried,待核实
bashi-privacy-app/stt_engine.py,7519,5ad111ab1005c4b661edb9d560dbdca0d5de64131d11a8d9bd80ae6652041aa0,bashi-code-and-docs,0.1.4,project-source-and-release,MIT; third-party portions retain their own terms,THIRD_PARTY.md and licenses/README.md; pending where stated,project-authored-or-assembled,A,retain project LICENSE; embedded manual fonts not yet inventoried,待核实
bashi-privacy-app/stt_engine_factory.py,1194,f54fbf5d3e6cc470a8719afc9a82b409f21943078e5f37706b1e1c6d86e7a754,bashi-code-and-docs,0.1.4,project-source-and-release,MIT; third-party portions retain their own terms,THIRD_PARTY.md and licenses/README.md; pending where stated,project-authored-or-assembled,A,retain project LICENSE; embedded manual fonts not yet inventoried,待核实
bashi-privacy-app/stt_routes.py,24880,c6cf33eae28e5c195c3ecf2874dfcf86c6343bea1d4ff6e2669b48ded7899026,bashi-code-and-docs,0.1.4,project-source-and-release,MIT; third-party portions retain their own terms,THIRD_PARTY.md and licenses/README.md; pending where stated,project-authored-or-assembled,A,retain project LICENSE; embedded manual fonts not yet inventoried,待核实
bashi-privacy-app/stt_subtitles.py,7571,be68ea5fbb55e65c9656857d6c98384a34c331a1d089feb833532187573b95dd,bashi-code-and-docs,0.1.4,project-source-and-release,MIT; third-party portions retain their own terms,THIRD_PARTY.md and licenses/README.md; pending where stated,project-authored-or-assembled,A,retain project LICENSE; embedded manual fonts not yet inventoried,待核实
bashi-privacy-app/SYSTEM_OVERVIEW.md,16329,7304cc4246207380d350a1ab0e7752eb389a941a3ee818bac7991ee1272cc6b4,bashi-code-and-docs,0.1.4,project-source-and-release,MIT; third-party portions retain their own terms,THIRD_PARTY.md and licenses/README.md; pending where stated,project-authored-or-assembled,A,retain project LICENSE; embedded manual fonts not yet inventoried,待核实
bashi-privacy-app/tts_routes.py,34541,c0cfd3f58e8c82e1fffc9d1d419a869a7378541cc54f87ff752c6a5eea2db005,bashi-code-and-docs,0.1.4,project-source-and-release,MIT; third-party portions retain their own terms,THIRD_PARTY.md and licenses/README.md; pending where stated,project-authored-or-assembled,A,retain project LICENSE; embedded manual fonts not yet inventoried,待核实
bashi-privacy-app/utils.py,1866,30279f339141526c2a2d9faf87ef27597a3d3a53c5c5ee95ca5dbfef91ff3b27,bashi-code-and-docs,0.1.4,project-source-and-release,MIT; third-party portions retain their own terms,THIRD_PARTY.md and licenses/README.md; pending where stated,project-authored-or-assembled,A,retain project LICENSE; embedded manual fonts not yet inventoried,待核实
bashi-privacy-app/VERSION,6,8a3dad16d348c163566a456fcf650d85d7aeeda5e53d01ee1fa8dc15212915a7,bashi-code-and-docs,0.1.4,project-source-and-release,MIT; third-party portions retain their own terms,THIRD_PARTY.md and licenses/README.md; pending where stated,project-authored-or-assembled,A,retain project LICENSE; embedded manual fonts not yet inventoried,待核实
bashi-privacy-app/zh_confusion.py,1821,cb7b7d84a9b87c8ccb61fe508c63a0ff5f7aa23c12e2f3575734a5fbcc88f338,bashi-code-and-docs,0.1.4,project-source-and-release,MIT; third-party portions retain their own terms,THIRD_PARTY.md and licenses/README.md; pending where stated,project-authored-or-assembled,A,retain project LICENSE; embedded manual fonts not yet inventoried,待核实
bashi-privacy-app/bashi_tts_kernel/bashi_tts_core.py,15117,fa965c0e25538d1bd8b0a7f9150e9a860e14ef6e077c56fddc2fe181eb21e49c,bashi-code-and-docs,0.1.4,project-source-and-release,MIT; third-party portions retain their own terms,THIRD_PARTY.md and licenses/README.md; pending where stated,project-authored-or-assembled,A,retain project LICENSE; embedded manual fonts not yet inventoried,待核实
bashi-privacy-app/bashi_tts_kernel/speakers.json,3647,46ac2a36b9ab94281bc133a062e7037fac609f4772189ea0481000a9b25ddeb9,speaker-catalog,catalog version 1,bashi_tts_kernel/speakers.json,project metadata and upstream model identifiers,THIRD_PARTY.md and licenses/README.md; pending where stated,project catalog,A,preserve model source attribution; not a license to reference recordings,待核实
bashi-privacy-app/bashi_tts_kernel/zh_normalizer_lite.py,10797,17eea68e2d3994774ff808645753230b47d7402a125cad54a623f7a9e6e8851e,bashi-code-and-docs,0.1.4,project-source-and-release,MIT; third-party portions retain their own terms,THIRD_PARTY.md and licenses/README.md; pending where stated,project-authored-or-assembled,A,retain project LICENSE; embedded manual fonts not yet inventoried,待核实
bashi-privacy-app/bashi_tts_kernel/__init__.py,74,8497f256203eaaecb9e8b3815071d4f01104294d399910377a6c84f9685076f4,bashi-code-and-docs,0.1.4,project-source-and-release,MIT; third-party portions retain their own terms,THIRD_PARTY.md and licenses/README.md; pending where stated,project-authored-or-assembled,A,retain project LICENSE; embedded manual fonts not yet inventoried,待核实
bashi-privacy-app/data/zh_confusion.tsv,1237,a6a819cb7bac236266cff57ee57c769f34358bdbb082c6482cd9dba04d180238,zh-confusion-data,0.1.4,data/zh_confusion.tsv,project data provenance pending,THIRD_PARTY.md and licenses/README.md; pending where stated,project-specific table,A,confirm source of table entries,待核实
bashi-privacy-app/engines/sherpa_parakeet.py,4286,d8ff4a760b6695591f030b34245a4f9699f62ba210a5ef470c45836c4b1b5195,bashi-code-and-docs,0.1.4,project-source-and-release,MIT; third-party portions retain their own terms,THIRD_PARTY.md and licenses/README.md; pending where stated,project-authored-or-assembled,A,retain project LICENSE; embedded manual fonts not yet inventoried,待核实
bashi-privacy-app/engines/sherpa_sensevoice.py,4062,5ea83e2350c7f2f287e1b2ed7f8213a4dcb990279f3b691d861e423e51e79a99,bashi-code-and-docs,0.1.4,project-source-and-release,MIT; third-party portions retain their own terms,THIRD_PARTY.md and licenses/README.md; pending where stated,project-authored-or-assembled,A,retain project LICENSE; embedded manual fonts not yet inventoried,待核实
bashi-privacy-app/python-3.12.10-embed-amd64/libcrypto-3.dll,5231472,ccfffddcd3defb8d899026298af9af43bc186130f8483d77e97c93233d5f27d7,python-3.12.10-bundle,3.12.10,https://www.python.org/ftp/python/3.12.10/python-3.12.10-embed-amd64.zip,PSF and included third-party terms; OpenSSL 3.0.16 Apache-2.0,https://github.com/openssl/openssl/blob/openssl-3.0.16/LICENSE.txt,35/35 identical to official archive,A,retain Python composite LICENSE; add OpenSSL license; review MS runtime terms,阻断
bashi-privacy-app/python-3.12.10-embed-amd64/libffi-8.dll,39696,eff52743773eb550fcc6ce3efc37c85724502233b6b002a35496d828bd7b280a,python-3.12.10-bundle,3.12.10,https://www.python.org/ftp/python/3.12.10/python-3.12.10-embed-amd64.zip,PSF and included third-party terms; OpenSSL 3.0.16 Apache-2.0,THIRD_PARTY.md and licenses/README.md; pending where stated,35/35 identical to official archive,A,retain Python composite LICENSE; add OpenSSL license; review MS runtime terms,阻断
bashi-privacy-app/python-3.12.10-embed-amd64/libssl-3.dll,794992,007142039f04d04e0ed607bda53de095e5bc6a8a10d26ecedde94ea7d2d7eefe,python-3.12.10-bundle,3.12.10,https://www.python.org/ftp/python/3.12.10/python-3.12.10-embed-amd64.zip,PSF and included third-party terms; OpenSSL 3.0.16 Apache-2.0,https://github.com/openssl/openssl/blob/openssl-3.0.16/LICENSE.txt,35/35 identical to official archive,A,retain Python composite LICENSE; add OpenSSL license; review MS runtime terms,阻断
bashi-privacy-app/python-3.12.10-embed-amd64/LICENSE.txt,36874,e502c6b880ff58d614901495a9009c136539cd0b1e2a2abb8fc00b934c203419,python-3.12.10-bundle,3.12.10,https://www.python.org/ftp/python/3.12.10/python-3.12.10-embed-amd64.zip,PSF and included third-party terms; OpenSSL 3.0.16 Apache-2.0,THIRD_PARTY.md and licenses/README.md; pending where stated,35/35 identical to official archive,A,retain Python composite LICENSE; add OpenSSL license; review MS runtime terms,阻断
bashi-privacy-app/python-3.12.10-embed-amd64/pyexpat.pyd,205304,d615e193d1affcdbfe504e90d3621cbdcff94bf72b79d899126534507fd6d27a,python-3.12.10-bundle,3.12.10,https://www.python.org/ftp/python/3.12.10/python-3.12.10-embed-amd64.zip,PSF and included third-party terms; OpenSSL 3.0.16 Apache-2.0,THIRD_PARTY.md and licenses/README.md; pending where stated,35/35 identical to official archive,A,retain Python composite LICENSE; add OpenSSL license; review MS runtime terms,阻断
bashi-privacy-app/python-3.12.10-embed-amd64/python.cat,574231,5d85439736ae088d9680b391e2bca55ca7e9cc5b41a12ebe8e2f554506c7e72e,python-3.12.10-bundle,3.12.10,https://www.python.org/ftp/python/3.12.10/python-3.12.10-embed-amd64.zip,PSF and included third-party terms; OpenSSL 3.0.16 Apache-2.0,THIRD_PARTY.md and licenses/README.md; pending where stated,35/35 identical to official archive,A,retain Python composite LICENSE; add OpenSSL license; review MS runtime terms,阻断
bashi-privacy-app/python-3.12.10-embed-amd64/python.exe,104952,4d6f5f81a4bca11191c4c7c6b43632694d0a4ce74e068619d8fdc161d469859a,python-3.12.10-bundle,3.12.10,https://www.python.org/ftp/python/3.12.10/python-3.12.10-embed-amd64.zip,PSF and included third-party terms; OpenSSL 3.0.16 Apache-2.0,THIRD_PARTY.md and licenses/README.md; pending where stated,35/35 identical to official archive,A,retain Python composite LICENSE; add OpenSSL license; review MS runtime terms,阻断
bashi-privacy-app/python-3.12.10-embed-amd64/python3.dll,70376,fb975a606e7fbf74f64260e3f60c3490b4f74a183c0926fd6ed1ac4c52ac7b1c,python-3.12.10-bundle,3.12.10,https://www.python.org/ftp/python/3.12.10/python-3.12.10-embed-amd64.zip,PSF and included third-party terms; OpenSSL 3.0.16 Apache-2.0,THIRD_PARTY.md and licenses/README.md; pending where stated,35/35 identical to official archive,A,retain Python composite LICENSE; add OpenSSL license; review MS runtime terms,阻断
bashi-privacy-app/python-3.12.10-embed-amd64/python312.dll,6945272,9a0e3435aaa680d868150f87ab3e388ad2eebc22f87e036155c7b4eda8cd2120,python-3.12.10-bundle,3.12.10,https://www.python.org/ftp/python/3.12.10/python-3.12.10-embed-amd64.zip,PSF and included third-party terms; OpenSSL 3.0.16 Apache-2.0,THIRD_PARTY.md and licenses/README.md; pending where stated,35/35 identical to official archive,A,retain Python composite LICENSE; add OpenSSL license; review MS runtime terms,阻断
bashi-privacy-app/python-3.12.10-embed-amd64/python312.zip,3835482,fb131c0ef7e35cc5250a74c8cd18744bf4115fb8163710711f3758d7df3d1f88,python-3.12.10-bundle,3.12.10,https://www.python.org/ftp/python/3.12.10/python-3.12.10-embed-amd64.zip,PSF and included third-party terms; OpenSSL 3.0.16 Apache-2.0,THIRD_PARTY.md and licenses/README.md; pending where stated,35/35 identical to official archive,A,retain Python composite LICENSE; add OpenSSL license; review MS runtime terms,阻断
bashi-privacy-app/python-3.12.10-embed-amd64/python312._pth,80,2820f241bc9d6810d4db21c21cca3845799367fbdf0199620fb37c86a74b945c,python-3.12.10-bundle,3.12.10,https://www.python.org/ftp/python/3.12.10/python-3.12.10-embed-amd64.zip,PSF and included third-party terms; OpenSSL 3.0.16 Apache-2.0,THIRD_PARTY.md and licenses/README.md; pending where stated,35/35 identical to official archive,A,retain Python composite LICENSE; add OpenSSL license; review MS runtime terms,阻断
bashi-privacy-app/python-3.12.10-embed-amd64/pythonw.exe,104304,d72294fb338bc2fc8896d25a7395a4db466425427e1559e77185d5135a830681,python-3.12.10-bundle,3.12.10,https://www.python.org/ftp/python/3.12.10/python-3.12.10-embed-amd64.zip,PSF and included third-party terms; OpenSSL 3.0.16 Apache-2.0,THIRD_PARTY.md and licenses/README.md; pending where stated,35/35 identical to official archive,A,retain Python composite LICENSE; add OpenSSL license; review MS runtime terms,阻断
bashi-privacy-app/python-3.12.10-embed-amd64/select.pyd,33136,d4d7181b11db0bd22a6cd5cda6f8583d1f5c77615fd0a6ca33350619d6e0438a,python-3.12.10-bundle,3.12.10,https://www.python.org/ftp/python/3.12.10/python-3.12.10-embed-amd64.zip,PSF and included third-party terms; OpenSSL 3.0.16 Apache-2.0,THIRD_PARTY.md and licenses/README.md; pending where stated,35/35 identical to official archive,A,retain Python composite LICENSE; add OpenSSL license; review MS runtime terms,阻断
bashi-privacy-app/python-3.12.10-embed-amd64/sqlite3.dll,1583608,8daa45684bf6688fca28d956b2e8942f2fa98f656675ce68e6d61dd869848a7a,python-3.12.10-bundle,3.12.10,https://www.python.org/ftp/python/3.12.10/python-3.12.10-embed-amd64.zip,PSF and included third-party terms; OpenSSL 3.0.16 Apache-2.0,THIRD_PARTY.md and licenses/README.md; pending where stated,35/35 identical to official archive,A,retain Python composite LICENSE; add OpenSSL license; review MS runtime terms,阻断
bashi-privacy-app/python-3.12.10-embed-amd64/unicodedata.pyd,1140592,208ee1cd3cbad0828433ca7246b05be2b1ff5569983d27d296c0b38888585488,python-3.12.10-bundle,3.12.10,https://www.python.org/ftp/python/3.12.10/python-3.12.10-embed-amd64.zip,PSF and included third-party terms; OpenSSL 3.0.16 Apache-2.0,THIRD_PARTY.md and licenses/README.md; pending where stated,35/35 identical to official archive,A,retain Python composite LICENSE; add OpenSSL license; review MS runtime terms,阻断
bashi-privacy-app/python-3.12.10-embed-amd64/vcruntime140.dll,120400,052ad6a20d375957e82aa6a3c441ea548d89be0981516ca7eb306e063d5027f4,python-3.12.10-bundle,3.12.10,https://www.python.org/ftp/python/3.12.10/python-3.12.10-embed-amd64.zip,PSF and included third-party terms; OpenSSL 3.0.16 Apache-2.0,THIRD_PARTY.md and licenses/README.md; pending where stated,35/35 identical to official archive,A,retain Python composite LICENSE; add OpenSSL license; review MS runtime terms,阻断
bashi-privacy-app/python-3.12.10-embed-amd64/vcruntime140_1.dll,49776,6a99bc0128e0c7d6cbbf615fcc26909565e17d4ca3451b97f8987f9c6acbc6c8,python-3.12.10-bundle,3.12.10,https://www.python.org/ftp/python/3.12.10/python-3.12.10-embed-amd64.zip,PSF and included third-party terms; OpenSSL 3.0.16 Apache-2.0,THIRD_PARTY.md and licenses/README.md; pending where stated,35/35 identical to official archive,A,retain Python composite LICENSE; add OpenSSL license; review MS runtime terms,阻断
bashi-privacy-app/python-3.12.10-embed-amd64/winsound.pyd,31736,100e8d676777603c7258daf9b2f23ef001f09f1596d8708de359326fff72bddd,python-3.12.10-bundle,3.12.10,https://www.python.org/ftp/python/3.12.10/python-3.12.10-embed-amd64.zip,PSF and included third-party terms; OpenSSL 3.0.16 Apache-2.0,THIRD_PARTY.md and licenses/README.md; pending where stated,35/35 identical to official archive,A,retain Python composite LICENSE; add OpenSSL license; review MS runtime terms,阻断
bashi-privacy-app/python-3.12.10-embed-amd64/_asyncio.pyd,74096,c77de90cad749087a0c5dc5e19d78d24f6ef44e7e5ac19b8420cfc0cea62395d,python-3.12.10-bundle,3.12.10,https://www.python.org/ftp/python/3.12.10/python-3.12.10-embed-amd64.zip,PSF and included third-party terms; OpenSSL 3.0.16 Apache-2.0,THIRD_PARTY.md and licenses/README.md; pending where stated,35/35 identical to official archive,A,retain Python composite LICENSE; add OpenSSL license; review MS runtime terms,阻断
bashi-privacy-app/python-3.12.10-embed-amd64/_bz2.pyd,86896,65f610646d10d5babea080e060d244b546ec52c54012e5e937dc72dcc2e2e7bc,python-3.12.10-bundle,3.12.10,https://www.python.org/ftp/python/3.12.10/python-3.12.10-embed-amd64.zip,PSF and included third-party terms; OpenSSL 3.0.16 Apache-2.0,THIRD_PARTY.md and licenses/README.md; pending where stated,35/35 identical to official archive,A,retain Python composite LICENSE; add OpenSSL license; review MS runtime terms,阻断
bashi-privacy-app/python-3.12.10-embed-amd64/_ctypes.pyd,127480,0e56107a891100535f2da79d85a5ae65ff1227b4765bd108f8593ac1a1110d81,python-3.12.10-bundle,3.12.10,https://www.python.org/ftp/python/3.12.10/python-3.12.10-embed-amd64.zip,PSF and included third-party terms; OpenSSL 3.0.16 Apache-2.0,THIRD_PARTY.md and licenses/README.md; pending where stated,35/35 identical to official archive,A,retain Python composite LICENSE; add OpenSSL license; review MS runtime terms,阻断
bashi-privacy-app/python-3.12.10-embed-amd64/_decimal.pyd,262000,aeacfead2befcc0768063a037bb64bd32109ae09cb144e5f571b04dd7965db9d,python-3.12.10-bundle,3.12.10,https://www.python.org/ftp/python/3.12.10/python-3.12.10-embed-amd64.zip,PSF and included third-party terms; OpenSSL 3.0.16 Apache-2.0,THIRD_PARTY.md and licenses/README.md; pending where stated,35/35 identical to official archive,A,retain Python composite LICENSE; add OpenSSL license; review MS runtime terms,阻断
bashi-privacy-app/python-3.12.10-embed-amd64/_elementtree.pyd,135160,5009a9a53c03ef8387443b5cf6ce08e5c3a79727466a0b931c5bbca915bf89ca,python-3.12.10-bundle,3.12.10,https://www.python.org/ftp/python/3.12.10/python-3.12.10-embed-amd64.zip,PSF and included third-party terms; OpenSSL 3.0.16 Apache-2.0,THIRD_PARTY.md and licenses/README.md; pending where stated,35/35 identical to official archive,A,retain Python composite LICENSE; add OpenSSL license; review MS runtime terms,阻断
bashi-privacy-app/python-3.12.10-embed-amd64/_hashlib.pyd,68976,03d233dbace599168eaffec823de6ed7beec8c2a4ebfe9b8a3d8e042a59af3ba,python-3.12.10-bundle,3.12.10,https://www.python.org/ftp/python/3.12.10/python-3.12.10-embed-amd64.zip,PSF and included third-party terms; OpenSSL 3.0.16 Apache-2.0,THIRD_PARTY.md and licenses/README.md; pending where stated,35/35 identical to official archive,A,retain Python composite LICENSE; add OpenSSL license; review MS runtime terms,阻断
bashi-privacy-app/python-3.12.10-embed-amd64/_lzma.pyd,161136,e3deecc1f59a3b811c608861decd84de1e8df8bafd5e2b39188861318c5a38cf,python-3.12.10-bundle,3.12.10,https://www.python.org/ftp/python/3.12.10/python-3.12.10-embed-amd64.zip,PSF and included third-party terms; OpenSSL 3.0.16 Apache-2.0,THIRD_PARTY.md and licenses/README.md; pending where stated,35/35 identical to official archive,A,retain Python composite LICENSE; add OpenSSL license; review MS runtime terms,阻断
bashi-privacy-app/python-3.12.10-embed-amd64/_msi.pyd,46584,b49332bae154ebdd8c3d5e7ddfdde336d9c47f91ba028dc67bafb2420b3dbb5c,python-3.12.10-bundle,3.12.10,https://www.python.org/ftp/python/3.12.10/python-3.12.10-embed-amd64.zip,PSF and included third-party terms; OpenSSL 3.0.16 Apache-2.0,THIRD_PARTY.md and licenses/README.md; pending where stated,35/35 identical to official archive,A,retain Python composite LICENSE; add OpenSSL license; review MS runtime terms,阻断
bashi-privacy-app/python-3.12.10-embed-amd64/_multiprocessing.pyd,37368,2c636df7059cb0dd7e978dd735c7c5c8ddb09cf94754cf9e232296b96c5c545a,python-3.12.10-bundle,3.12.10,https://www.python.org/ftp/python/3.12.10/python-3.12.10-embed-amd64.zip,PSF and included third-party terms; OpenSSL 3.0.16 Apache-2.0,THIRD_PARTY.md and licenses/README.md; pending where stated,35/35 identical to official archive,A,retain Python composite LICENSE; add OpenSSL license; review MS runtime terms,阻断
bashi-privacy-app/python-3.12.10-embed-amd64/_overlapped.pyd,57336,662126ff80c3a1b4cedf74074029c12ae4743e6d3b37376e39ac70aacb7d4d3c,python-3.12.10-bundle,3.12.10,https://www.python.org/ftp/python/3.12.10/python-3.12.10-embed-amd64.zip,PSF and included third-party terms; OpenSSL 3.0.16 Apache-2.0,THIRD_PARTY.md and licenses/README.md; pending where stated,35/35 identical to official archive,A,retain Python composite LICENSE; add OpenSSL license; review MS runtime terms,阻断
bashi-privacy-app/python-3.12.10-embed-amd64/_queue.pyd,33784,48e76e0ad63f6932b4a77b5819f41c1e7595636ca8d9e824f0943a14b8bb5035,python-3.12.10-bundle,3.12.10,https://www.python.org/ftp/python/3.12.10/python-3.12.10-embed-amd64.zip,PSF and included third-party terms; OpenSSL 3.0.16 Apache-2.0,THIRD_PARTY.md and licenses/README.md; pending where stated,35/35 identical to official archive,A,retain Python composite LICENSE; add OpenSSL license; review MS runtime terms,阻断
bashi-privacy-app/python-3.12.10-embed-amd64/_socket.pyd,85496,3efa4636cf9e350856f6927d67a4c2564bf9bd2758a00bbf17d3aece5b60016d,python-3.12.10-bundle,3.12.10,https://www.python.org/ftp/python/3.12.10/python-3.12.10-embed-amd64.zip,PSF and included third-party terms; OpenSSL 3.0.16 Apache-2.0,THIRD_PARTY.md and licenses/README.md; pending where stated,35/35 identical to official archive,A,retain Python composite LICENSE; add OpenSSL license; review MS runtime terms,阻断
bashi-privacy-app/python-3.12.10-embed-amd64/_sqlite3.pyd,126184,64b51df2805c58b023a875e8ae3be7ac7f61ef664f32ca6c90f6315da47ef0bc,python-3.12.10-bundle,3.12.10,https://www.python.org/ftp/python/3.12.10/python-3.12.10-embed-amd64.zip,PSF and included third-party terms; OpenSSL 3.0.16 Apache-2.0,THIRD_PARTY.md and licenses/README.md; pending where stated,35/35 identical to official archive,A,retain Python composite LICENSE; add OpenSSL license; review MS runtime terms,阻断
bashi-privacy-app/python-3.12.10-embed-amd64/_ssl.pyd,179432,0bc527d2dbc50009f43b2ed5d5982c4f63f4b647647ffa9eda612dcda80f6040,python-3.12.10-bundle,3.12.10,https://www.python.org/ftp/python/3.12.10/python-3.12.10-embed-amd64.zip,PSF and included third-party terms; OpenSSL 3.0.16 Apache-2.0,THIRD_PARTY.md and licenses/README.md; pending where stated,35/35 identical to official archive,A,retain Python composite LICENSE; add OpenSSL license; review MS runtime terms,阻断
bashi-privacy-app/python-3.12.10-embed-amd64/_uuid.pyd,27128,acce4f281d7ffb2dec0997527faf25b1df62ad7bd3032c568ddcf65c90edc867,python-3.12.10-bundle,3.12.10,https://www.python.org/ftp/python/3.12.10/python-3.12.10-embed-amd64.zip,PSF and included third-party terms; OpenSSL 3.0.16 Apache-2.0,THIRD_PARTY.md and licenses/README.md; pending where stated,35/35 identical to official archive,A,retain Python composite LICENSE; add OpenSSL license; review MS runtime terms,阻断
bashi-privacy-app/python-3.12.10-embed-amd64/_wmi.pyd,40304,a980f1e7a29842bd946863fc2693fbeb555a9dc0f9e1630dfed9a2fcdef3ece2,python-3.12.10-bundle,3.12.10,https://www.python.org/ftp/python/3.12.10/python-3.12.10-embed-amd64.zip,PSF and included third-party terms; OpenSSL 3.0.16 Apache-2.0,THIRD_PARTY.md and licenses/README.md; pending where stated,35/35 identical to official archive,A,retain Python composite LICENSE; add OpenSSL license; review MS runtime terms,阻断
bashi-privacy-app/python-3.12.10-embed-amd64/_zoneinfo.pyd,49656,76f1439cda82ab6976df6ba505c4079444703f6d44d8b0259ce59c0ff4279fb4,python-3.12.10-bundle,3.12.10,https://www.python.org/ftp/python/3.12.10/python-3.12.10-embed-amd64.zip,PSF and included third-party terms; OpenSSL 3.0.16 Apache-2.0,THIRD_PARTY.md and licenses/README.md; pending where stated,35/35 identical to official archive,A,retain Python composite LICENSE; add OpenSSL license; review MS runtime terms,阻断
bashi-privacy-app/static/audio/,0,e3b0c44298fc1c149afbf4c8996fb92427ae41e4649b934ca495991b7852b855,directory,n/a,n/a,n/a,THIRD_PARTY.md and licenses/README.md; pending where stated,not-a-file,A,no-license-required,已核实
bashi-privacy-app/static/uploads/,0,e3b0c44298fc1c149afbf4c8996fb92427ae41e4649b934ca495991b7852b855,directory,n/a,n/a,n/a,THIRD_PARTY.md and licenses/README.md; pending where stated,not-a-file,A,no-license-required,已核实
bashi-privacy-app/static/audio/style_previews/manifest.json,23269,8c0999a7e2cb1d5da61c5008d5f8b3a74d007d3d33b9b4705d9f88e046062d17,style-preview-manifest,0.1.4,bundled manifest,project MIT for metadata; audio rights separate,THIRD_PARTY.md and licenses/README.md; pending where stated,project metadata,A,retain provenance and distinguish text metadata from audio grant,已核实
bashi-privacy-app/static/audio/style_previews/aiden/briefing.mp3,28173,4260616e81559d8c2e45a2b8455c5f28705f4f232038d964fde2ec47cae7e2d3,style-preview-audio,0.1.4 released preview set,maintainer declaration 2026-09-12; bundled manifest,generated-output rights review pending,THIRD_PARTY.md and licenses/README.md; pending where stated,generated with CustomVoice; exact historical settings incomplete,A,record maintainer declaration; do not equate model license with output title,待核实
bashi-privacy-app/static/audio/style_previews/aiden/classic_recitation.mp3,33837,d91610e6f7972779f112c134a80bf2c2218ea4fc834a2761837688c5de2becf8,style-preview-audio,0.1.4 released preview set,maintainer declaration 2026-09-12; bundled manifest,generated-output rights review pending,THIRD_PARTY.md and licenses/README.md; pending where stated,generated with CustomVoice; exact historical settings incomplete,A,record maintainer declaration; do not equate model license with output title,待核实
bashi-privacy-app/static/audio/style_previews/aiden/clear_slow_reading.mp3,43509,503203a67c1e5e77171140ef7beef99f8e51fd37f3be7474edec86484eadbecc,style-preview-audio,0.1.4 released preview set,maintainer declaration 2026-09-12; bundled manifest,generated-output rights review pending,THIRD_PARTY.md and licenses/README.md; pending where stated,generated with CustomVoice; exact historical settings incomplete,A,record maintainer declaration; do not equate model license with output title,待核实
bashi-privacy-app/static/audio/style_previews/aiden/language_class.mp3,59085,427194356114b4fdfa2e1358dd383ca4e8580c40406120da35d53e5da15d6504,style-preview-audio,0.1.4 released preview set,maintainer declaration 2026-09-12; bundled manifest,generated-output rights review pending,THIRD_PARTY.md and licenses/README.md; pending where stated,generated with CustomVoice; exact historical settings incomplete,A,record maintainer declaration; do not equate model license with output title,待核实
bashi-privacy-app/static/audio/style_previews/aiden/standard_reading.mp3,35469,7da3975e5c394b25e4bea601412e0dfe6da09feea55bc38afe274cb361cb7e22,style-preview-audio,0.1.4 released preview set,maintainer declaration 2026-09-12; bundled manifest,generated-output rights review pending,THIRD_PARTY.md and licenses/README.md; pending where stated,generated with CustomVoice; exact historical settings incomplete,A,record maintainer declaration; do not equate model license with output title,待核实
bashi-privacy-app/static/audio/style_previews/dylan/briefing.mp3,28053,6222d045e227db91f5a11ff7a6e6bfc17a57a32a5f76d510329eb8bd4c4e1cda,style-preview-audio,0.1.4 released preview set,maintainer declaration 2026-09-12; bundled manifest,generated-output rights review pending,THIRD_PARTY.md and licenses/README.md; pending where stated,generated with CustomVoice; exact historical settings incomplete,A,record maintainer declaration; do not equate model license with output title,待核实
bashi-privacy-app/static/audio/style_previews/dylan/classic_recitation.mp3,33261,d71abf6ae53988233619a3db49ef2beccd83cc1b59410ae6169cf298c08ad973,style-preview-audio,0.1.4 released preview set,maintainer declaration 2026-09-12; bundled manifest,generated-output rights review pending,THIRD_PARTY.md and licenses/README.md; pending where stated,generated with CustomVoice; exact historical settings incomplete,A,record maintainer declaration; do not equate model license with output title,待核实
bashi-privacy-app/static/audio/style_previews/dylan/clear_slow_reading.mp3,42477,871dc0c08f95ea1296081acff97376ae288df9d05bf202c5796036901cb3ebc9,style-preview-audio,0.1.4 released preview set,maintainer declaration 2026-09-12; bundled manifest,generated-output rights review pending,THIRD_PARTY.md and licenses/README.md; pending where stated,generated with CustomVoice; exact historical settings incomplete,A,record maintainer declaration; do not equate model license with output title,待核实
bashi-privacy-app/static/audio/style_previews/dylan/language_class.mp3,47589,9dba3c48e49b776a634b800ea7022773e419a6876f0b855680e48cc03d9b732b,style-preview-audio,0.1.4 released preview set,maintainer declaration 2026-09-12; bundled manifest,generated-output rights review pending,THIRD_PARTY.md and licenses/README.md; pending where stated,generated with CustomVoice; exact historical settings incomplete,A,record maintainer declaration; do not equate model license with output title,待核实
bashi-privacy-app/static/audio/style_previews/dylan/standard_reading.mp3,31773,e4c4f5f72cfacf59846aae3a33a7648157d2f5484593d814296bfa718d902946,style-preview-audio,0.1.4 released preview set,maintainer declaration 2026-09-12; bundled manifest,generated-output rights review pending,THIRD_PARTY.md and licenses/README.md; pending where stated,generated with CustomVoice; exact historical settings incomplete,A,record maintainer declaration; do not equate model license with output title,待核实
bashi-privacy-app/static/audio/style_previews/eric/briefing.mp3,26901,dcae7ead417a738a9e949b41c151f2904b1da49f7a40ed1dbbcd3a10eb301070,style-preview-audio,0.1.4 released preview set,maintainer declaration 2026-09-12; bundled manifest,generated-output rights review pending,THIRD_PARTY.md and licenses/README.md; pending where stated,generated with CustomVoice; exact historical settings incomplete,A,record maintainer declaration; do not equate model license with output title,待核实
bashi-privacy-app/static/audio/style_previews/eric/classic_recitation.mp3,32949,28b2b1da65f5196065ee0811780dd961352212efe7e1707e080fb3b5e161deba,style-preview-audio,0.1.4 released preview set,maintainer declaration 2026-09-12; bundled manifest,generated-output rights review pending,THIRD_PARTY.md and licenses/README.md; pending where stated,generated with CustomVoice; exact historical settings incomplete,A,record maintainer declaration; do not equate model license with output title,待核实
bashi-privacy-app/static/audio/style_previews/eric/clear_slow_reading.mp3,37197,62da4c32b162d5bc8550067ccbc1511f70edb62360ce1d06fe6644b900964c5c,style-preview-audio,0.1.4 released preview set,maintainer declaration 2026-09-12; bundled manifest,generated-output rights review pending,THIRD_PARTY.md and licenses/README.md; pending where stated,generated with CustomVoice; exact historical settings incomplete,A,record maintainer declaration; do not equate model license with output title,待核实
bashi-privacy-app/static/audio/style_previews/eric/language_class.mp3,31149,29a9b55e5c23e599615c3d4ea3b3ae1d45d60bb591f3bc4b4642ce94af5486ed,style-preview-audio,0.1.4 released preview set,maintainer declaration 2026-09-12; bundled manifest,generated-output rights review pending,THIRD_PARTY.md and licenses/README.md; pending where stated,generated with CustomVoice; exact historical settings incomplete,A,record maintainer declaration; do not equate model license with output title,待核实
bashi-privacy-app/static/audio/style_previews/eric/standard_reading.mp3,28269,e08e13fec217598256128f6cf8eb8f3fb9d893aad8d4a82ab32820ea7df6bea9,style-preview-audio,0.1.4 released preview set,maintainer declaration 2026-09-12; bundled manifest,generated-output rights review pending,THIRD_PARTY.md and licenses/README.md; pending where stated,generated with CustomVoice; exact historical settings incomplete,A,record maintainer declaration; do not equate model license with output title,待核实
bashi-privacy-app/static/audio/style_previews/ono_anna/briefing.mp3,45573,1d0cab759dcea7b92d4cc24fc8f7102cd0912fa030e895fae4d1b188d37d1be7,style-preview-audio,0.1.4 released preview set,maintainer declaration 2026-09-12; bundled manifest,generated-output rights review pending,THIRD_PARTY.md and licenses/README.md; pending where stated,generated with CustomVoice; exact historical settings incomplete,A,record maintainer declaration; do not equate model license with output title,待核实
bashi-privacy-app/static/audio/style_previews/ono_anna/classic_recitation.mp3,40221,cb32bf62e5fbd1e7828f726117413f972b28e0d9c7ae02b163beefa66ae94f19,style-preview-audio,0.1.4 released preview set,maintainer declaration 2026-09-12; bundled manifest,generated-output rights review pending,THIRD_PARTY.md and licenses/README.md; pending where stated,generated with CustomVoice; exact historical settings incomplete,A,record maintainer declaration; do not equate model license with output title,待核实
bashi-privacy-app/static/audio/style_previews/ono_anna/clear_slow_reading.mp3,40749,f701d625e6813da40f0967a44c43890c825873f21fcb2f3c72c0ef349162681c,style-preview-audio,0.1.4 released preview set,maintainer declaration 2026-09-12; bundled manifest,generated-output rights review pending,THIRD_PARTY.md and licenses/README.md; pending where stated,generated with CustomVoice; exact historical settings incomplete,A,record maintainer declaration; do not equate model license with output title,待核实
bashi-privacy-app/static/audio/style_previews/ono_anna/language_class.mp3,63405,2cf3ec66ffd4e1765c02ff7f8747a63afc761aa267280e91033bc81b41a4156d,style-preview-audio,0.1.4 released preview set,maintainer declaration 2026-09-12; bundled manifest,generated-output rights review pending,THIRD_PARTY.md and licenses/README.md; pending where stated,generated with CustomVoice; exact historical settings incomplete,A,record maintainer declaration; do not equate model license with output title,待核实
bashi-privacy-app/static/audio/style_previews/ono_anna/standard_reading.mp3,37773,2baeb4975694a52fdac0ce8d2101dd3fa73a12f75a524d166698b4af291b702e,style-preview-audio,0.1.4 released preview set,maintainer declaration 2026-09-12; bundled manifest,generated-output rights review pending,THIRD_PARTY.md and licenses/README.md; pending where stated,generated with CustomVoice; exact historical settings incomplete,A,record maintainer declaration; do not equate model license with output title,待核实
bashi-privacy-app/static/audio/style_previews/ryan/briefing.mp3,35205,5ffa0d5ba55e7420a5b7738dc640519a7ec2b1e9e018eb0bc07a8f2920218f44,style-preview-audio,0.1.4 released preview set,maintainer declaration 2026-09-12; bundled manifest,generated-output rights review pending,THIRD_PARTY.md and licenses/README.md; pending where stated,generated with CustomVoice; exact historical settings incomplete,A,record maintainer declaration; do not equate model license with output title,待核实
bashi-privacy-app/static/audio/style_previews/ryan/classic_recitation.mp3,46389,df5f5c1b5f34e3ef6c111cede7215f8912f9df4858be3e1283001fe2a86e3da4,style-preview-audio,0.1.4 released preview set,maintainer declaration 2026-09-12; bundled manifest,generated-output rights review pending,THIRD_PARTY.md and licenses/README.md; pending where stated,generated with CustomVoice; exact historical settings incomplete,A,record maintainer declaration; do not equate model license with output title,待核实
bashi-privacy-app/static/audio/style_previews/ryan/clear_slow_reading.mp3,58869,4c1579a61e4a961352196de644e0b90946413966a012edb0c2c3749dd759f12d,style-preview-audio,0.1.4 released preview set,maintainer declaration 2026-09-12; bundled manifest,generated-output rights review pending,THIRD_PARTY.md and licenses/README.md; pending where stated,generated with CustomVoice; exact historical settings incomplete,A,record maintainer declaration; do not equate model license with output title,待核实
bashi-privacy-app/static/audio/style_previews/ryan/language_class.mp3,72381,5dfbeeecdf7e95b3cfb9a479e675b55beb5d984810bd1e2f8f02384e282de263,style-preview-audio,0.1.4 released preview set,maintainer declaration 2026-09-12; bundled manifest,generated-output rights review pending,THIRD_PARTY.md and licenses/README.md; pending where stated,generated with CustomVoice; exact historical settings incomplete,A,record maintainer declaration; do not equate model license with output title,待核实
bashi-privacy-app/static/audio/style_previews/ryan/standard_reading.mp3,63453,d4c4960904489e3f4f2a5c59f4341b820ed2949fbebee12ddf3b2bf25faf1e05,style-preview-audio,0.1.4 released preview set,maintainer declaration 2026-09-12; bundled manifest,generated-output rights review pending,THIRD_PARTY.md and licenses/README.md; pending where stated,generated with CustomVoice; exact historical settings incomplete,A,record maintainer declaration; do not equate model license with output title,待核实
bashi-privacy-app/static/audio/style_previews/serena/briefing.mp3,27501,7e60dbc5d6d281cec2d8e8f5431eef5fac2ac512c505e42c1eee5be8aa00b64d,style-preview-audio,0.1.4 released preview set,maintainer declaration 2026-09-12; bundled manifest,generated-output rights review pending,THIRD_PARTY.md and licenses/README.md; pending where stated,generated with CustomVoice; exact historical settings incomplete,A,record maintainer declaration; do not equate model license with output title,待核实
bashi-privacy-app/static/audio/style_previews/serena/classic_recitation.mp3,31317,c2de808e94f6caf8a9dd7900d327c309ebb12baa4b561391156cdc6c2306d061,style-preview-audio,0.1.4 released preview set,maintainer declaration 2026-09-12; bundled manifest,generated-output rights review pending,THIRD_PARTY.md and licenses/README.md; pending where stated,generated with CustomVoice; exact historical settings incomplete,A,record maintainer declaration; do not equate model license with output title,待核实
bashi-privacy-app/static/audio/style_previews/serena/clear_slow_reading.mp3,37293,1a3eb91e1296b9523624c2a395c8e711d6b68eb338fc4e528938b0ec37c11ef2,style-preview-audio,0.1.4 released preview set,maintainer declaration 2026-09-12; bundled manifest,generated-output rights review pending,THIRD_PARTY.md and licenses/README.md; pending where stated,generated with CustomVoice; exact historical settings incomplete,A,record maintainer declaration; do not equate model license with output title,待核实
bashi-privacy-app/static/audio/style_previews/serena/language_class.mp3,36405,e3da714337d8f173303047d2b6bf257a3205f77074d302c62c2b02f5bb8b2d6c,style-preview-audio,0.1.4 released preview set,maintainer declaration 2026-09-12; bundled manifest,generated-output rights review pending,THIRD_PARTY.md and licenses/README.md; pending where stated,generated with CustomVoice; exact historical settings incomplete,A,record maintainer declaration; do not equate model license with output title,待核实
bashi-privacy-app/static/audio/style_previews/serena/standard_reading.mp3,33645,fa7a7a7e70165cd55e19fc7c715dfee381701c22ac887544130bab19b2ad7485,style-preview-audio,0.1.4 released preview set,maintainer declaration 2026-09-12; bundled manifest,generated-output rights review pending,THIRD_PARTY.md and licenses/README.md; pending where stated,generated with CustomVoice; exact historical settings incomplete,A,record maintainer declaration; do not equate model license with output title,待核实
bashi-privacy-app/static/audio/style_previews/sohee/briefing.mp3,53133,e1463d37ef98028e0677b829234a7f02eaf8e45fe2d029585e180057b47f96d2,style-preview-audio,0.1.4 released preview set,maintainer declaration 2026-09-12; bundled manifest,generated-output rights review pending,THIRD_PARTY.md and licenses/README.md; pending where stated,generated with CustomVoice; exact historical settings incomplete,A,record maintainer declaration; do not equate model license with output title,待核实
bashi-privacy-app/static/audio/style_previews/sohee/classic_recitation.mp3,52509,889ad76835eb0dd101a5b498edd7d125e48c3a47927a1ef562314825cd5367c7,style-preview-audio,0.1.4 released preview set,maintainer declaration 2026-09-12; bundled manifest,generated-output rights review pending,THIRD_PARTY.md and licenses/README.md; pending where stated,generated with CustomVoice; exact historical settings incomplete,A,record maintainer declaration; do not equate model license with output title,待核实
bashi-privacy-app/static/audio/style_previews/sohee/clear_slow_reading.mp3,72405,a782adc76316bc85906f1dc055538845174f17467d52bc15d4b109e0d5a4a54e,style-preview-audio,0.1.4 released preview set,maintainer declaration 2026-09-12; bundled manifest,generated-output rights review pending,THIRD_PARTY.md and licenses/README.md; pending where stated,generated with CustomVoice; exact historical settings incomplete,A,record maintainer declaration; do not equate model license with output title,待核实
bashi-privacy-app/static/audio/style_previews/sohee/language_class.mp3,69765,ec4c881e1d08eaa97649464c9c97cfe07c5cdf5da014c6efd7419faea0fef119,style-preview-audio,0.1.4 released preview set,maintainer declaration 2026-09-12; bundled manifest,generated-output rights review pending,THIRD_PARTY.md and licenses/README.md; pending where stated,generated with CustomVoice; exact historical settings incomplete,A,record maintainer declaration; do not equate model license with output title,待核实
bashi-privacy-app/static/audio/style_previews/sohee/standard_reading.mp3,59085,26f2850fb6786b94b39def304d6e38c76b5b542a2f3279342e20ebc6c65128b3,style-preview-audio,0.1.4 released preview set,maintainer declaration 2026-09-12; bundled manifest,generated-output rights review pending,THIRD_PARTY.md and licenses/README.md; pending where stated,generated with CustomVoice; exact historical settings incomplete,A,record maintainer declaration; do not equate model license with output title,待核实
bashi-privacy-app/static/audio/style_previews/uncle_fu/briefing.mp3,32013,da95c138bb71e12ade26cfa23a579a0999518981f3ef2769b0c70cec06ad6e7d,style-preview-audio,0.1.4 released preview set,maintainer declaration 2026-09-12; bundled manifest,generated-output rights review pending,THIRD_PARTY.md and licenses/README.md; pending where stated,generated with CustomVoice; exact historical settings incomplete,A,record maintainer declaration; do not equate model license with output title,待核实
bashi-privacy-app/static/audio/style_previews/uncle_fu/classic_recitation.mp3,34533,e3db862008f22ce54dac3985b3576c90fc49adfc1806cf1bf81b92257a246397,style-preview-audio,0.1.4 released preview set,maintainer declaration 2026-09-12; bundled manifest,generated-output rights review pending,THIRD_PARTY.md and licenses/README.md; pending where stated,generated with CustomVoice; exact historical settings incomplete,A,record maintainer declaration; do not equate model license with output title,待核实
bashi-privacy-app/static/audio/style_previews/uncle_fu/clear_slow_reading.mp3,40365,e80e6a87df52e0df6a0ac6dfba51d47cdd2a36cb3c75571072c3c140ef3c9bfa,style-preview-audio,0.1.4 released preview set,maintainer declaration 2026-09-12; bundled manifest,generated-output rights review pending,THIRD_PARTY.md and licenses/README.md; pending where stated,generated with CustomVoice; exact historical settings incomplete,A,record maintainer declaration; do not equate model license with output title,待核实
bashi-privacy-app/static/audio/style_previews/uncle_fu/language_class.mp3,46725,1874daa177430d4b3b67a4ea78afca5fa4986b14f455a2956e8b562f600a3a9f,style-preview-audio,0.1.4 released preview set,maintainer declaration 2026-09-12; bundled manifest,generated-output rights review pending,THIRD_PARTY.md and licenses/README.md; pending where stated,generated with CustomVoice; exact historical settings incomplete,A,record maintainer declaration; do not equate model license with output title,待核实
bashi-privacy-app/static/audio/style_previews/uncle_fu/standard_reading.mp3,33285,dcaaaa585a9798fc8632c0a7649fcbb087a04fe1179b9df9559ea9da257836e0,style-preview-audio,0.1.4 released preview set,maintainer declaration 2026-09-12; bundled manifest,generated-output rights review pending,THIRD_PARTY.md and licenses/README.md; pending where stated,generated with CustomVoice; exact historical settings incomplete,A,record maintainer declaration; do not equate model license with output title,待核实
bashi-privacy-app/static/audio/style_previews/vivian/briefing.mp3,29493,e9405f43e428975169631746369ec28212ec67857d8ff01e39a6b8c1c35e4243,style-preview-audio,0.1.4 released preview set,maintainer declaration 2026-09-12; bundled manifest,generated-output rights review pending,THIRD_PARTY.md and licenses/README.md; pending where stated,generated with CustomVoice; exact historical settings incomplete,A,record maintainer declaration; do not equate model license with output title,待核实
bashi-privacy-app/static/audio/style_previews/vivian/classic_recitation.mp3,41661,b7a890109aae0da2930840317b2a2d1afee3d76d41ea3e777b5b726bc844cba4,style-preview-audio,0.1.4 released preview set,maintainer declaration 2026-09-12; bundled manifest,generated-output rights review pending,THIRD_PARTY.md and licenses/README.md; pending where stated,generated with CustomVoice; exact historical settings incomplete,A,record maintainer declaration; do not equate model license with output title,待核实
bashi-privacy-app/static/audio/style_previews/vivian/clear_slow_reading.mp3,41997,38cac545c5b336a52bc06e050e3dd5fd89d2bb77cfaa7b7d4bc9d7a26f718fa9,style-preview-audio,0.1.4 released preview set,maintainer declaration 2026-09-12; bundled manifest,generated-output rights review pending,THIRD_PARTY.md and licenses/README.md; pending where stated,generated with CustomVoice; exact historical settings incomplete,A,record maintainer declaration; do not equate model license with output title,待核实
bashi-privacy-app/static/audio/style_previews/vivian/language_class.mp3,92709,90ae04352778fdcf1f563df6840aef417b93fe8d97030e9b64f9f15fe4483508,style-preview-audio,0.1.4 released preview set,maintainer declaration 2026-09-12; bundled manifest,generated-output rights review pending,THIRD_PARTY.md and licenses/README.md; pending where stated,generated with CustomVoice; exact historical settings incomplete,A,record maintainer declaration; do not equate model license with output title,待核实
bashi-privacy-app/static/audio/style_previews/vivian/standard_reading.mp3,32565,f4e20109c118872546fee6ec2cecd631ae0f9d8a20cbec5d03f9593e429aa756,style-preview-audio,0.1.4 released preview set,maintainer declaration 2026-09-12; bundled manifest,generated-output rights review pending,THIRD_PARTY.md and licenses/README.md; pending where stated,generated with CustomVoice; exact historical settings incomplete,A,record maintainer declaration; do not equate model license with output title,待核实
bashi-privacy-app/static/css/style.css,51768,febccb13dae221f9cf100a7d8018e4fa26e9ebba232a1f8227e8e083c463cfe4,bashi-code-and-docs,0.1.4,project-source-and-release,MIT; third-party portions retain their own terms,THIRD_PARTY.md and licenses/README.md; pending where stated,project-authored-or-assembled,A,retain project LICENSE; embedded manual fonts not yet inventoried,待核实
bashi-privacy-app/static/images/alipay.jpg,100065,279dcaaab4c86c30f62da81a1107d280ae05946a39b54475abf6449c4714bf20,image-assets,0.1.4,maintainer declaration 2026-09-12,maintainer-created or tool-generated; exact tool terms pending,THIRD_PARTY.md and licenses/README.md; pending where stated,four declared images; favicon.ico not declared,A,no ownership inference from filename; no payment identifiers exported in inventory,待核实
bashi-privacy-app/static/images/bashi_logo_v2.jpg,121802,684a2d5bca6c7ff247fab6b52625b46696be7cc048b04efded55e81089f4a1c8,image-assets,0.1.4,maintainer declaration 2026-09-12,maintainer-created or tool-generated; exact tool terms pending,THIRD_PARTY.md and licenses/README.md; pending where stated,four declared images; favicon.ico not declared,A,no ownership inference from filename; no payment identifiers exported in inventory,待核实
bashi-privacy-app/static/images/favicon.ico,202363,5f0013e39eb47c976956b063f3bb484b2fd6becd5ea5af70e5293a5ebeb8d1c2,image-assets,0.1.4,maintainer declaration 2026-09-12,maintainer-created or tool-generated; exact tool terms pending,THIRD_PARTY.md and licenses/README.md; pending where stated,four declared images; favicon.ico not declared,A,no ownership inference from filename; no payment identifiers exported in inventory,待核实
bashi-privacy-app/static/images/favicon.png,72764,bcdf16092fdcbf8fa00496654933cd421a158951f876fad06aaf76d4c2fafac6,image-assets,0.1.4,maintainer declaration 2026-09-12,maintainer-created or tool-generated; exact tool terms pending,THIRD_PARTY.md and licenses/README.md; pending where stated,four declared images; favicon.ico not declared,A,no ownership inference from filename; no payment identifiers exported in inventory,待核实
bashi-privacy-app/static/images/wechat-pay.png,97922,7f8a3331737181c8b629816eeef2dd4466d9d7376a289db6724c024fa56c4e51,image-assets,0.1.4,maintainer declaration 2026-09-12,maintainer-created or tool-generated; exact tool terms pending,THIRD_PARTY.md and licenses/README.md; pending where stated,four declared images; favicon.ico not declared,A,no ownership inference from filename; no payment identifiers exported in inventory,待核实
bashi-privacy-app/static/js/app.js,133838,52eadc932c637fdcec66b93b556a32be56fec5d3b038a4260d73b352aff75e8e,bashi-code-and-docs,0.1.4,project-source-and-release,MIT; third-party portions retain their own terms,THIRD_PARTY.md and licenses/README.md; pending where stated,project-authored-or-assembled,A,retain project LICENSE; embedded manual fonts not yet inventoried,待核实
bashi-privacy-app/templates/index.html,40829,d56bd0ca4ac36c3f2440488fb9c0bc85ade61555720f44e99bc2716632e40f6f,bashi-code-and-docs,0.1.4,project-source-and-release,MIT; third-party portions retain their own terms,THIRD_PARTY.md and licenses/README.md; pending where stated,project-authored-or-assembled,A,retain project LICENSE; embedded manual fonts not yet inventoried,待核实
vulkan_backend_spike/Qwen3-TTS-GGUF/model-custom/,0,e3b0c44298fc1c149afbf4c8996fb92427ae41e4649b934ca495991b7852b855,directory,n/a,n/a,n/a,THIRD_PARTY.md and licenses/README.md; pending where stated,not-a-file,A,no-license-required,已核实
vulkan_backend_spike/Qwen3-TTS-GGUF/readme.md,9173,6b28f1d57d7ad09f8ad460a8b07fa266159f2b72162a27de3ab19528d7ea05cd,qwen3-tts-gguf-source,dc8950d7dd12d0aa9b9f3dda54d82ff2f8b0a4b2,https://github.com/HaujetZhao/Qwen3-TTS-GGUF/tree/dc8950d7dd12d0aa9b9f3dda54d82ff2f8b0a4b2,pending: no root license found in pinned tree,THIRD_PARTY.md and licenses/README.md; pending where stated,26 normalized-equal; inference/llama.py modified,A,obtain applicable grant; nested Qwen/llama licenses do not cover whole repository,阻断
vulkan_backend_spike/Qwen3-TTS-GGUF/requirements.txt,227,30b6fa3edb107a16bd45d032866fde1b0270ec397ce2ecbd3a9eb6a09a476dfa,qwen3-tts-gguf-source,dc8950d7dd12d0aa9b9f3dda54d82ff2f8b0a4b2,https://github.com/HaujetZhao/Qwen3-TTS-GGUF/tree/dc8950d7dd12d0aa9b9f3dda54d82ff2f8b0a4b2,pending: no root license found in pinned tree,THIRD_PARTY.md and licenses/README.md; pending where stated,26 normalized-equal; inference/llama.py modified,A,obtain applicable grant; nested Qwen/llama licenses do not cover whole repository,阻断
vulkan_backend_spike/Qwen3-TTS-GGUF/qwen3_tts_gguf/__init__.py,1406,b72a56af8877de03e95618a80c363727dbc4cf6e1fd1dd60a2b9c340e6556b8a,qwen3-tts-gguf-source,dc8950d7dd12d0aa9b9f3dda54d82ff2f8b0a4b2,https://github.com/HaujetZhao/Qwen3-TTS-GGUF/tree/dc8950d7dd12d0aa9b9f3dda54d82ff2f8b0a4b2,pending: no root license found in pinned tree,THIRD_PARTY.md and licenses/README.md; pending where stated,26 normalized-equal; inference/llama.py modified,A,obtain applicable grant; nested Qwen/llama licenses do not cover whole repository,阻断
vulkan_backend_spike/Qwen3-TTS-GGUF/qwen3_tts_gguf/inference/assets.py,3514,00c07fc85f9e52f36c36c139b1c460423170e11e0a814b8bc0b45f76e1ff145a,qwen3-tts-gguf-source,dc8950d7dd12d0aa9b9f3dda54d82ff2f8b0a4b2,https://github.com/HaujetZhao/Qwen3-TTS-GGUF/tree/dc8950d7dd12d0aa9b9f3dda54d82ff2f8b0a4b2,pending: no root license found in pinned tree,THIRD_PARTY.md and licenses/README.md; pending where stated,26 normalized-equal; inference/llama.py modified,A,obtain applicable grant; nested Qwen/llama licenses do not cover whole repository,阻断
vulkan_backend_spike/Qwen3-TTS-GGUF/qwen3_tts_gguf/inference/capturer.py,4620,daff64c5639426990ea5f43879a0111b36d16c989bc143ce2925f2d1134974a0,qwen3-tts-gguf-source,dc8950d7dd12d0aa9b9f3dda54d82ff2f8b0a4b2,https://github.com/HaujetZhao/Qwen3-TTS-GGUF/tree/dc8950d7dd12d0aa9b9f3dda54d82ff2f8b0a4b2,pending: no root license found in pinned tree,THIRD_PARTY.md and licenses/README.md; pending where stated,26 normalized-equal; inference/llama.py modified,A,obtain applicable grant; nested Qwen/llama licenses do not cover whole repository,阻断
vulkan_backend_spike/Qwen3-TTS-GGUF/qwen3_tts_gguf/inference/config.py,2218,911dea4b2432cfcb069fccc651ad1c9cf148163805700bce7798619bf2be65d0,qwen3-tts-gguf-source,dc8950d7dd12d0aa9b9f3dda54d82ff2f8b0a4b2,https://github.com/HaujetZhao/Qwen3-TTS-GGUF/tree/dc8950d7dd12d0aa9b9f3dda54d82ff2f8b0a4b2,pending: no root license found in pinned tree,THIRD_PARTY.md and licenses/README.md; pending where stated,26 normalized-equal; inference/llama.py modified,A,obtain applicable grant; nested Qwen/llama licenses do not cover whole repository,阻断
vulkan_backend_spike/Qwen3-TTS-GGUF/qwen3_tts_gguf/inference/decoder.py,11613,361877b45611a414444de1e18bd16440006e1300cb53d8d0f9bc1ba815549070,qwen3-tts-gguf-source,dc8950d7dd12d0aa9b9f3dda54d82ff2f8b0a4b2,https://github.com/HaujetZhao/Qwen3-TTS-GGUF/tree/dc8950d7dd12d0aa9b9f3dda54d82ff2f8b0a4b2,pending: no root license found in pinned tree,THIRD_PARTY.md and licenses/README.md; pending where stated,26 normalized-equal; inference/llama.py modified,A,obtain applicable grant; nested Qwen/llama licenses do not cover whole repository,阻断
vulkan_backend_spike/Qwen3-TTS-GGUF/qwen3_tts_gguf/inference/encoder.py,4025,7355923050b5600e60f4e79463136052b4fe415bc0312e74c4827c533a938439,qwen3-tts-gguf-source,dc8950d7dd12d0aa9b9f3dda54d82ff2f8b0a4b2,https://github.com/HaujetZhao/Qwen3-TTS-GGUF/tree/dc8950d7dd12d0aa9b9f3dda54d82ff2f8b0a4b2,pending: no root license found in pinned tree,THIRD_PARTY.md and licenses/README.md; pending where stated,26 normalized-equal; inference/llama.py modified,A,obtain applicable grant; nested Qwen/llama licenses do not cover whole repository,阻断
vulkan_backend_spike/Qwen3-TTS-GGUF/qwen3_tts_gguf/inference/engine.py,6855,ffdcda400f5b331d480ba82b417039e6a09efbe4c34c8ba88634a9ab2e864179,qwen3-tts-gguf-source,dc8950d7dd12d0aa9b9f3dda54d82ff2f8b0a4b2,https://github.com/HaujetZhao/Qwen3-TTS-GGUF/tree/dc8950d7dd12d0aa9b9f3dda54d82ff2f8b0a4b2,pending: no root license found in pinned tree,THIRD_PARTY.md and licenses/README.md; pending where stated,26 normalized-equal; inference/llama.py modified,A,obtain applicable grant; nested Qwen/llama licenses do not cover whole repository,阻断
vulkan_backend_spike/Qwen3-TTS-GGUF/qwen3_tts_gguf/inference/llama.py,37114,571af00f956a9822e8383356a4c0179e6327436e52e05949695b2db84feb70de,qwen3-tts-gguf-source,dc8950d7dd12d0aa9b9f3dda54d82ff2f8b0a4b2,https://github.com/HaujetZhao/Qwen3-TTS-GGUF/tree/dc8950d7dd12d0aa9b9f3dda54d82ff2f8b0a4b2,pending: no root license found in pinned tree,THIRD_PARTY.md and licenses/README.md; pending where stated,26 normalized-equal; inference/llama.py modified,A,obtain applicable grant; nested Qwen/llama licenses do not cover whole repository,阻断
vulkan_backend_spike/Qwen3-TTS-GGUF/qwen3_tts_gguf/inference/predictor.py,3426,855069210b3ccd678aea47a4444244556507b2af9dd54b21444d4841dbddddd4,qwen3-tts-gguf-source,dc8950d7dd12d0aa9b9f3dda54d82ff2f8b0a4b2,https://github.com/HaujetZhao/Qwen3-TTS-GGUF/tree/dc8950d7dd12d0aa9b9f3dda54d82ff2f8b0a4b2,pending: no root license found in pinned tree,THIRD_PARTY.md and licenses/README.md; pending where stated,26 normalized-equal; inference/llama.py modified,A,obtain applicable grant; nested Qwen/llama licenses do not cover whole repository,阻断
vulkan_backend_spike/Qwen3-TTS-GGUF/qwen3_tts_gguf/inference/prompt_builder.py,9725,a129ca03105be94ea32cd5001fe597ed006e6ab71971bcc82fe5452175f8f67a,qwen3-tts-gguf-source,dc8950d7dd12d0aa9b9f3dda54d82ff2f8b0a4b2,https://github.com/HaujetZhao/Qwen3-TTS-GGUF/tree/dc8950d7dd12d0aa9b9f3dda54d82ff2f8b0a4b2,pending: no root license found in pinned tree,THIRD_PARTY.md and licenses/README.md; pending where stated,26 normalized-equal; inference/llama.py modified,A,obtain applicable grant; nested Qwen/llama licenses do not cover whole repository,阻断
vulkan_backend_spike/Qwen3-TTS-GGUF/qwen3_tts_gguf/inference/proxy.py,13645,a6ced248c150c5d7516260aa45227cc03c04a0ad780069c4822d6afd8f01a272,qwen3-tts-gguf-source,dc8950d7dd12d0aa9b9f3dda54d82ff2f8b0a4b2,https://github.com/HaujetZhao/Qwen3-TTS-GGUF/tree/dc8950d7dd12d0aa9b9f3dda54d82ff2f8b0a4b2,pending: no root license found in pinned tree,THIRD_PARTY.md and licenses/README.md; pending where stated,26 normalized-equal; inference/llama.py modified,A,obtain applicable grant; nested Qwen/llama licenses do not cover whole repository,阻断
vulkan_backend_spike/Qwen3-TTS-GGUF/qwen3_tts_gguf/inference/stream.py,20900,6fbe6e577b39d4820bb54911014773f7717fbda49e83c237c3838b468e2d93f7,qwen3-tts-gguf-source,dc8950d7dd12d0aa9b9f3dda54d82ff2f8b0a4b2,https://github.com/HaujetZhao/Qwen3-TTS-GGUF/tree/dc8950d7dd12d0aa9b9f3dda54d82ff2f8b0a4b2,pending: no root license found in pinned tree,THIRD_PARTY.md and licenses/README.md; pending where stated,26 normalized-equal; inference/llama.py modified,A,obtain applicable grant; nested Qwen/llama licenses do not cover whole repository,阻断
vulkan_backend_spike/Qwen3-TTS-GGUF/qwen3_tts_gguf/inference/talker.py,4162,5828e360da45be5581e31b31f2cdefb33da0314842e939e88696939a62a9aee6,qwen3-tts-gguf-source,dc8950d7dd12d0aa9b9f3dda54d82ff2f8b0a4b2,https://github.com/HaujetZhao/Qwen3-TTS-GGUF/tree/dc8950d7dd12d0aa9b9f3dda54d82ff2f8b0a4b2,pending: no root license found in pinned tree,THIRD_PARTY.md and licenses/README.md; pending where stated,26 normalized-equal; inference/llama.py modified,A,obtain applicable grant; nested Qwen/llama licenses do not cover whole repository,阻断
vulkan_backend_spike/Qwen3-TTS-GGUF/qwen3_tts_gguf/inference/__init__.py,125,2a4a21ab3007e7327d6b150fbd487334ee824fee2b333601688440cbd8903868,qwen3-tts-gguf-source,dc8950d7dd12d0aa9b9f3dda54d82ff2f8b0a4b2,https://github.com/HaujetZhao/Qwen3-TTS-GGUF/tree/dc8950d7dd12d0aa9b9f3dda54d82ff2f8b0a4b2,pending: no root license found in pinned tree,THIRD_PARTY.md and licenses/README.md; pending where stated,26 normalized-equal; inference/llama.py modified,A,obtain applicable grant; nested Qwen/llama licenses do not cover whole repository,阻断
vulkan_backend_spike/Qwen3-TTS-GGUF/qwen3_tts_gguf/inference/bin/ggml-base.dll,675328,44dd6eb997b6f95534acc637a107abea6549e06e36eedd8cbf4bc9c4d0073ee2,llama.cpp-b7798-binaries,b7798,https://github.com/ggml-org/llama.cpp/releases/download/b7798/llama-b7798-bin-win-vulkan-x64.zip,MIT plus bundled third-party notices,https://github.com/ggml-org/llama.cpp/blob/b7798/LICENSE,identical to official archive,A,include llama.cpp MIT copyright/license; inspect statically linked/server components,阻断
vulkan_backend_spike/Qwen3-TTS-GGUF/qwen3_tts_gguf/inference/bin/ggml-cpu-alderlake.dll,999936,92db2008b852dc975a9c999f51822803396f0ef58fdf966d002cc95e9c34b2c5,llama.cpp-b7798-binaries,b7798,https://github.com/ggml-org/llama.cpp/releases/download/b7798/llama-b7798-bin-win-vulkan-x64.zip,MIT plus bundled third-party notices,https://github.com/ggml-org/llama.cpp/blob/b7798/LICENSE,identical to official archive,A,include llama.cpp MIT copyright/license; inspect statically linked/server components,阻断
vulkan_backend_spike/Qwen3-TTS-GGUF/qwen3_tts_gguf/inference/bin/ggml-cpu-cannonlake.dll,1234944,73dd705881d8173635607b6051e2e8c0928bd5bbe1ba9e8784c57df40a94a91b,llama.cpp-b7798-binaries,b7798,https://github.com/ggml-org/llama.cpp/releases/download/b7798/llama-b7798-bin-win-vulkan-x64.zip,MIT plus bundled third-party notices,https://github.com/ggml-org/llama.cpp/blob/b7798/LICENSE,identical to official archive,A,include llama.cpp MIT copyright/license; inspect statically linked/server components,阻断
vulkan_backend_spike/Qwen3-TTS-GGUF/qwen3_tts_gguf/inference/bin/ggml-cpu-cascadelake.dll,1222656,20645b2e4d49997252910fc7ca92a9c8685a9200e8c4953969ecaf2f9579e562,llama.cpp-b7798-binaries,b7798,https://github.com/ggml-org/llama.cpp/releases/download/b7798/llama-b7798-bin-win-vulkan-x64.zip,MIT plus bundled third-party notices,https://github.com/ggml-org/llama.cpp/blob/b7798/LICENSE,identical to official archive,A,include llama.cpp MIT copyright/license; inspect statically linked/server components,阻断
vulkan_backend_spike/Qwen3-TTS-GGUF/qwen3_tts_gguf/inference/bin/ggml-cpu-cooperlake.dll,1223168,18bb5d76acbd998e0d838bbedf973ba5ffcbd5f5861bf70b8c850f4219686353,llama.cpp-b7798-binaries,b7798,https://github.com/ggml-org/llama.cpp/releases/download/b7798/llama-b7798-bin-win-vulkan-x64.zip,MIT plus bundled third-party notices,https://github.com/ggml-org/llama.cpp/blob/b7798/LICENSE,identical to official archive,A,include llama.cpp MIT copyright/license; inspect statically linked/server components,阻断
vulkan_backend_spike/Qwen3-TTS-GGUF/qwen3_tts_gguf/inference/bin/ggml-cpu-haswell.dll,1003520,ff477792b16a70239911b3010320acbbf38b16ab17091ffb0a604d46e0c2bca1,llama.cpp-b7798-binaries,b7798,https://github.com/ggml-org/llama.cpp/releases/download/b7798/llama-b7798-bin-win-vulkan-x64.zip,MIT plus bundled third-party notices,https://github.com/ggml-org/llama.cpp/blob/b7798/LICENSE,identical to official archive,A,include llama.cpp MIT copyright/license; inspect statically linked/server components,阻断
vulkan_backend_spike/Qwen3-TTS-GGUF/qwen3_tts_gguf/inference/bin/ggml-cpu-icelake.dll,1229312,49007179bba7fc9f8458322ec3250772d920e7a8cce268d01046829b5706ce7e,llama.cpp-b7798-binaries,b7798,https://github.com/ggml-org/llama.cpp/releases/download/b7798/llama-b7798-bin-win-vulkan-x64.zip,MIT plus bundled third-party notices,https://github.com/ggml-org/llama.cpp/blob/b7798/LICENSE,identical to official archive,A,include llama.cpp MIT copyright/license; inspect statically linked/server components,阻断
vulkan_backend_spike/Qwen3-TTS-GGUF/qwen3_tts_gguf/inference/bin/ggml-cpu-ivybridge.dll,908800,771b3c129f0b1bb22cefe9ffffa289b63dfc91cbf22b953718e5a22bd34f2d9e,llama.cpp-b7798-binaries,b7798,https://github.com/ggml-org/llama.cpp/releases/download/b7798/llama-b7798-bin-win-vulkan-x64.zip,MIT plus bundled third-party notices,https://github.com/ggml-org/llama.cpp/blob/b7798/LICENSE,identical to official archive,A,include llama.cpp MIT copyright/license; inspect statically linked/server components,阻断
vulkan_backend_spike/Qwen3-TTS-GGUF/qwen3_tts_gguf/inference/bin/ggml-cpu-piledriver.dll,911872,871dcf34c51065ce8dc9e4a7097b99ba17312535c1e1c87a9899ebe969726fb2,llama.cpp-b7798-binaries,b7798,https://github.com/ggml-org/llama.cpp/releases/download/b7798/llama-b7798-bin-win-vulkan-x64.zip,MIT plus bundled third-party notices,https://github.com/ggml-org/llama.cpp/blob/b7798/LICENSE,identical to official archive,A,include llama.cpp MIT copyright/license; inspect statically linked/server components,阻断
vulkan_backend_spike/Qwen3-TTS-GGUF/qwen3_tts_gguf/inference/bin/ggml-cpu-sandybridge.dll,889856,a436b6357eb86be9f1225911fc5ce1a240e0ecf3212c06542fd02b8b01b37f0e,llama.cpp-b7798-binaries,b7798,https://github.com/ggml-org/llama.cpp/releases/download/b7798/llama-b7798-bin-win-vulkan-x64.zip,MIT plus bundled third-party notices,https://github.com/ggml-org/llama.cpp/blob/b7798/LICENSE,identical to official archive,A,include llama.cpp MIT copyright/license; inspect statically linked/server components,阻断
vulkan_backend_spike/Qwen3-TTS-GGUF/qwen3_tts_gguf/inference/bin/ggml-cpu-sapphirerapids.dll,1492992,04a249c167d34962cd0b3d42f53eae74a20407c3fa43238fcb0909fab4713771,llama.cpp-b7798-binaries,b7798,https://github.com/ggml-org/llama.cpp/releases/download/b7798/llama-b7798-bin-win-vulkan-x64.zip,MIT plus bundled third-party notices,https://github.com/ggml-org/llama.cpp/blob/b7798/LICENSE,identical to official archive,A,include llama.cpp MIT copyright/license; inspect statically linked/server components,阻断
vulkan_backend_spike/Qwen3-TTS-GGUF/qwen3_tts_gguf/inference/bin/ggml-cpu-skylakex.dll,1227776,6e9a5834e6bb8460189c53197548daa8010bd187793a6b448e264c65e7ec1c23,llama.cpp-b7798-binaries,b7798,https://github.com/ggml-org/llama.cpp/releases/download/b7798/llama-b7798-bin-win-vulkan-x64.zip,MIT plus bundled third-party notices,https://github.com/ggml-org/llama.cpp/blob/b7798/LICENSE,identical to official archive,A,include llama.cpp MIT copyright/license; inspect statically linked/server components,阻断
vulkan_backend_spike/Qwen3-TTS-GGUF/qwen3_tts_gguf/inference/bin/ggml-cpu-sse42.dll,728064,fa086fa56c97bd4921512b0b2223ae4e0fae626f5575aefebeb01f7687483de2,llama.cpp-b7798-binaries,b7798,https://github.com/ggml-org/llama.cpp/releases/download/b7798/llama-b7798-bin-win-vulkan-x64.zip,MIT plus bundled third-party notices,https://github.com/ggml-org/llama.cpp/blob/b7798/LICENSE,identical to official archive,A,include llama.cpp MIT copyright/license; inspect statically linked/server components,阻断
vulkan_backend_spike/Qwen3-TTS-GGUF/qwen3_tts_gguf/inference/bin/ggml-cpu-x64.dll,719360,47e3c91798f1fe41fc45c7251a3cc803f890b9d7a7fc5a0d1e2d48cdc2711a4c,llama.cpp-b7798-binaries,b7798,https://github.com/ggml-org/llama.cpp/releases/download/b7798/llama-b7798-bin-win-vulkan-x64.zip,MIT plus bundled third-party notices,https://github.com/ggml-org/llama.cpp/blob/b7798/LICENSE,identical to official archive,A,include llama.cpp MIT copyright/license; inspect statically linked/server components,阻断
vulkan_backend_spike/Qwen3-TTS-GGUF/qwen3_tts_gguf/inference/bin/ggml-cpu-zen4.dll,1230336,7091706f845cddb2a6142a120125ad87cc0e753084fd435f01a254bbf27f3733,llama.cpp-b7798-binaries,b7798,https://github.com/ggml-org/llama.cpp/releases/download/b7798/llama-b7798-bin-win-vulkan-x64.zip,MIT plus bundled third-party notices,https://github.com/ggml-org/llama.cpp/blob/b7798/LICENSE,identical to official archive,A,include llama.cpp MIT copyright/license; inspect statically linked/server components,阻断
vulkan_backend_spike/Qwen3-TTS-GGUF/qwen3_tts_gguf/inference/bin/ggml-rpc.dll,142336,515be944a9408478348fac6cc88ee21abc855c5a2279a288c779ec10b8e4fd2d,llama.cpp-b7798-binaries,b7798,https://github.com/ggml-org/llama.cpp/releases/download/b7798/llama-b7798-bin-win-vulkan-x64.zip,MIT plus bundled third-party notices,https://github.com/ggml-org/llama.cpp/blob/b7798/LICENSE,identical to official archive,A,include llama.cpp MIT copyright/license; inspect statically linked/server components,阻断
vulkan_backend_spike/Qwen3-TTS-GGUF/qwen3_tts_gguf/inference/bin/ggml-vulkan.dll,55761920,a41644c39a4097be654b16afe2c31dcb85f49c793a835b34f537bf28ace43d00,llama.cpp-b7798-binaries,b7798,https://github.com/ggml-org/llama.cpp/releases/download/b7798/llama-b7798-bin-win-vulkan-x64.zip,MIT plus bundled third-party notices,https://github.com/ggml-org/llama.cpp/blob/b7798/LICENSE,identical to official archive,A,include llama.cpp MIT copyright/license; inspect statically linked/server components,阻断
vulkan_backend_spike/Qwen3-TTS-GGUF/qwen3_tts_gguf/inference/bin/ggml.dll,96768,a4de54bfffc456b2d494f7cdba0925a9267da55a223f4bdf1dbbdb84e2dc2054,llama.cpp-b7798-binaries,b7798,https://github.com/ggml-org/llama.cpp/releases/download/b7798/llama-b7798-bin-win-vulkan-x64.zip,MIT plus bundled third-party notices,https://github.com/ggml-org/llama.cpp/blob/b7798/LICENSE,identical to official archive,A,include llama.cpp MIT copyright/license; inspect statically linked/server components,阻断
vulkan_backend_spike/Qwen3-TTS-GGUF/qwen3_tts_gguf/inference/bin/libomp140.x86_64.dll,634936,9ab1cb787e52b2a36133899c01c1db1f876067d1471cd224ead85f40a8152b99,libomp,official b7798 artifact; DLL metadata 20140926 / 5.0,https://github.com/ggml-org/llama.cpp/releases/download/b7798/llama-b7798-bin-win-vulkan-x64.zip,pending exact LLVM/Microsoft artifact terms,THIRD_PARTY.md and licenses/README.md; pending where stated,identical to official archive,A,exact applicable license not established; LLVM 14 text is reference only,阻断
vulkan_backend_spike/Qwen3-TTS-GGUF/qwen3_tts_gguf/inference/bin/llama-batched-bench.exe,6559744,a99ea96b7b1fa91108fbab7794e003ebc2cee72c91c2766d2259b7b63778b473,llama.cpp-b7798-binaries,b7798,https://github.com/ggml-org/llama.cpp/releases/download/b7798/llama-b7798-bin-win-vulkan-x64.zip,MIT plus bundled third-party notices,https://github.com/ggml-org/llama.cpp/blob/b7798/LICENSE,identical to official archive,A,include llama.cpp MIT copyright/license; inspect statically linked/server components,阻断
vulkan_backend_spike/Qwen3-TTS-GGUF/qwen3_tts_gguf/inference/bin/llama-bench.exe,518144,abe3622165d547eb4e805dded096235e9e363b9bbba31955218148b8020b47cd,llama.cpp-b7798-binaries,b7798,https://github.com/ggml-org/llama.cpp/releases/download/b7798/llama-b7798-bin-win-vulkan-x64.zip,MIT plus bundled third-party notices,https://github.com/ggml-org/llama.cpp/blob/b7798/LICENSE,identical to official archive,A,include llama.cpp MIT copyright/license; inspect statically linked/server components,阻断
vulkan_backend_spike/Qwen3-TTS-GGUF/qwen3_tts_gguf/inference/bin/llama-cli.exe,8528896,cce243d083053837554e78fb901bbc50362446f36b3e01e6fa4428fa682b38d6,llama.cpp-b7798-binaries,b7798,https://github.com/ggml-org/llama.cpp/releases/download/b7798/llama-b7798-bin-win-vulkan-x64.zip,MIT plus bundled third-party notices,https://github.com/ggml-org/llama.cpp/blob/b7798/LICENSE,identical to official archive,A,include llama.cpp MIT copyright/license; inspect statically linked/server components,阻断
vulkan_backend_spike/Qwen3-TTS-GGUF/qwen3_tts_gguf/inference/bin/llama-completion.exe,6586368,d1b1c326691f96ee71069c79f61a317520174686c0b74b7d0b82972656e32f39,llama.cpp-b7798-binaries,b7798,https://github.com/ggml-org/llama.cpp/releases/download/b7798/llama-b7798-bin-win-vulkan-x64.zip,MIT plus bundled third-party notices,https://github.com/ggml-org/llama.cpp/blob/b7798/LICENSE,identical to official archive,A,include llama.cpp MIT copyright/license; inspect statically linked/server components,阻断
vulkan_backend_spike/Qwen3-TTS-GGUF/qwen3_tts_gguf/inference/bin/llama-fit-params.exe,6546432,fcc853ac2aab0b28c6a6607efae202de26e6e0d76d8415b6bea06d4c405289fd,llama.cpp-b7798-binaries,b7798,https://github.com/ggml-org/llama.cpp/releases/download/b7798/llama-b7798-bin-win-vulkan-x64.zip,MIT plus bundled third-party notices,https://github.com/ggml-org/llama.cpp/blob/b7798/LICENSE,identical to official archive,A,include llama.cpp MIT copyright/license; inspect statically linked/server components,阻断
vulkan_backend_spike/Qwen3-TTS-GGUF/qwen3_tts_gguf/inference/bin/llama-gemma3-cli.exe,27648,3cba7c495aef06ba513094c79c8cd972026f95053ed11ffbd8bc066981de1404,llama.cpp-b7798-binaries,b7798,https://github.com/ggml-org/llama.cpp/releases/download/b7798/llama-b7798-bin-win-vulkan-x64.zip,MIT plus bundled third-party notices,https://github.com/ggml-org/llama.cpp/blob/b7798/LICENSE,identical to official archive,A,include llama.cpp MIT copyright/license; inspect statically linked/server components,阻断
vulkan_backend_spike/Qwen3-TTS-GGUF/qwen3_tts_gguf/inference/bin/llama-gguf-split.exe,63488,559cc0d05e158835c940882c12ef30263cc77283387029613207f42b9c3bab6b,llama.cpp-b7798-binaries,b7798,https://github.com/ggml-org/llama.cpp/releases/download/b7798/llama-b7798-bin-win-vulkan-x64.zip,MIT plus bundled third-party notices,https://github.com/ggml-org/llama.cpp/blob/b7798/LICENSE,identical to official archive,A,include llama.cpp MIT copyright/license; inspect statically linked/server components,阻断
vulkan_backend_spike/Qwen3-TTS-GGUF/qwen3_tts_gguf/inference/bin/llama-imatrix.exe,6643712,92bd8b2fd71187fb755a8deab124bccf1f6a754a708e0e489d36c8dd51dddc71,llama.cpp-b7798-binaries,b7798,https://github.com/ggml-org/llama.cpp/releases/download/b7798/llama-b7798-bin-win-vulkan-x64.zip,MIT plus bundled third-party notices,https://github.com/ggml-org/llama.cpp/blob/b7798/LICENSE,identical to official archive,A,include llama.cpp MIT copyright/license; inspect statically linked/server components,阻断
vulkan_backend_spike/Qwen3-TTS-GGUF/qwen3_tts_gguf/inference/bin/llama-llava-cli.exe,27648,3cba7c495aef06ba513094c79c8cd972026f95053ed11ffbd8bc066981de1404,llama.cpp-b7798-binaries,b7798,https://github.com/ggml-org/llama.cpp/releases/download/b7798/llama-b7798-bin-win-vulkan-x64.zip,MIT plus bundled third-party notices,https://github.com/ggml-org/llama.cpp/blob/b7798/LICENSE,identical to official archive,A,include llama.cpp MIT copyright/license; inspect statically linked/server components,阻断
vulkan_backend_spike/Qwen3-TTS-GGUF/qwen3_tts_gguf/inference/bin/llama-minicpmv-cli.exe,27648,3cba7c495aef06ba513094c79c8cd972026f95053ed11ffbd8bc066981de1404,llama.cpp-b7798-binaries,b7798,https://github.com/ggml-org/llama.cpp/releases/download/b7798/llama-b7798-bin-win-vulkan-x64.zip,MIT plus bundled third-party notices,https://github.com/ggml-org/llama.cpp/blob/b7798/LICENSE,identical to official archive,A,include llama.cpp MIT copyright/license; inspect statically linked/server components,阻断
vulkan_backend_spike/Qwen3-TTS-GGUF/qwen3_tts_gguf/inference/bin/llama-mtmd-cli.exe,6582272,74948830eed89720d38090114999170f346eedccf3c7a4ba20eb7327cc15ffc2,llama.cpp-b7798-binaries,b7798,https://github.com/ggml-org/llama.cpp/releases/download/b7798/llama-b7798-bin-win-vulkan-x64.zip,MIT plus bundled third-party notices,https://github.com/ggml-org/llama.cpp/blob/b7798/LICENSE,identical to official archive,A,include llama.cpp MIT copyright/license; inspect statically linked/server components,阻断
vulkan_backend_spike/Qwen3-TTS-GGUF/qwen3_tts_gguf/inference/bin/llama-perplexity.exe,6683648,8501896d515975b93c14ed406bc97c2686084c7bf0504b30bd05cf6b9a0c4892,llama.cpp-b7798-binaries,b7798,https://github.com/ggml-org/llama.cpp/releases/download/b7798/llama-b7798-bin-win-vulkan-x64.zip,MIT plus bundled third-party notices,https://github.com/ggml-org/llama.cpp/blob/b7798/LICENSE,identical to official archive,A,include llama.cpp MIT copyright/license; inspect statically linked/server components,阻断
vulkan_backend_spike/Qwen3-TTS-GGUF/qwen3_tts_gguf/inference/bin/llama-quantize.exe,365568,da84cf894070c0de256d447b921bc24ea0e1837bd844154dee210a287efc03b4,llama.cpp-b7798-binaries,b7798,https://github.com/ggml-org/llama.cpp/releases/download/b7798/llama-b7798-bin-win-vulkan-x64.zip,MIT plus bundled third-party notices,https://github.com/ggml-org/llama.cpp/blob/b7798/LICENSE,identical to official archive,A,include llama.cpp MIT copyright/license; inspect statically linked/server components,阻断
vulkan_backend_spike/Qwen3-TTS-GGUF/qwen3_tts_gguf/inference/bin/llama-qwen2vl-cli.exe,27648,3cba7c495aef06ba513094c79c8cd972026f95053ed11ffbd8bc066981de1404,llama.cpp-b7798-binaries,b7798,https://github.com/ggml-org/llama.cpp/releases/download/b7798/llama-b7798-bin-win-vulkan-x64.zip,MIT plus bundled third-party notices,https://github.com/ggml-org/llama.cpp/blob/b7798/LICENSE,identical to official archive,A,include llama.cpp MIT copyright/license; inspect statically linked/server components,阻断
vulkan_backend_spike/Qwen3-TTS-GGUF/qwen3_tts_gguf/inference/bin/llama-server.exe,10180096,47c09b256f26e4ee6c02f18247ff8999e28d4fc74c0a4bd1e17e6d858bbd3c50,llama.cpp-b7798-binaries,b7798,https://github.com/ggml-org/llama.cpp/releases/download/b7798/llama-b7798-bin-win-vulkan-x64.zip,MIT plus bundled third-party notices,https://github.com/ggml-org/llama.cpp/blob/b7798/LICENSE,identical to official archive,A,include llama.cpp MIT copyright/license; inspect statically linked/server components,阻断
vulkan_backend_spike/Qwen3-TTS-GGUF/qwen3_tts_gguf/inference/bin/llama-tokenize.exe,305152,89854ddd756a9b7c590d3357d0677902a097f56b96eee8f37b8d8ab15f6fb94b,llama.cpp-b7798-binaries,b7798,https://github.com/ggml-org/llama.cpp/releases/download/b7798/llama-b7798-bin-win-vulkan-x64.zip,MIT plus bundled third-party notices,https://github.com/ggml-org/llama.cpp/blob/b7798/LICENSE,identical to official archive,A,include llama.cpp MIT copyright/license; inspect statically linked/server components,阻断
vulkan_backend_spike/Qwen3-TTS-GGUF/qwen3_tts_gguf/inference/bin/llama-tts.exe,6664704,d53753a775e2a704229622d9ee752a6df6f26fcddf37f1eeb2789e74c66eca45,llama.cpp-b7798-binaries,b7798,https://github.com/ggml-org/llama.cpp/releases/download/b7798/llama-b7798-bin-win-vulkan-x64.zip,MIT plus bundled third-party notices,https://github.com/ggml-org/llama.cpp/blob/b7798/LICENSE,identical to official archive,A,include llama.cpp MIT copyright/license; inspect statically linked/server components,阻断
vulkan_backend_spike/Qwen3-TTS-GGUF/qwen3_tts_gguf/inference/bin/llama.cpp二进制下载到这里.txt,262,3e18694063b498df9575525e724400155d614d00568a2f105cbf237bfea73b56,llama-source-note,dc8950d,upstream download-location note,pending upstream grant,THIRD_PARTY.md and licenses/README.md; pending where stated,source note only,A,does not replace license or binary comparison,待核实
vulkan_backend_spike/Qwen3-TTS-GGUF/qwen3_tts_gguf/inference/bin/llama.dll,2680320,ee2647be29d04aa5d2a84fffff5ac9953e91db27585483213e9a4691f33e1b20,llama.cpp-b7798-binaries,b7798,https://github.com/ggml-org/llama.cpp/releases/download/b7798/llama-b7798-bin-win-vulkan-x64.zip,MIT plus bundled third-party notices,https://github.com/ggml-org/llama.cpp/blob/b7798/LICENSE,identical to official archive,A,include llama.cpp MIT copyright/license; inspect statically linked/server components,阻断
vulkan_backend_spike/Qwen3-TTS-GGUF/qwen3_tts_gguf/inference/bin/mtmd.dll,849408,85eec696cc15d15a84ffecee3ef6b549653c61a785e0c90a0d9505fd14099738,llama.cpp-b7798-binaries,b7798,https://github.com/ggml-org/llama.cpp/releases/download/b7798/llama-b7798-bin-win-vulkan-x64.zip,MIT plus bundled third-party notices,https://github.com/ggml-org/llama.cpp/blob/b7798/LICENSE,identical to official archive,A,include llama.cpp MIT copyright/license; inspect statically linked/server components,阻断
vulkan_backend_spike/Qwen3-TTS-GGUF/qwen3_tts_gguf/inference/bin/rpc-server.exe,111616,06082dab26f45c209adf0c69f094eca53a5c2f634a87964616120b2bfc15f6be,llama.cpp-b7798-binaries,b7798,https://github.com/ggml-org/llama.cpp/releases/download/b7798/llama-b7798-bin-win-vulkan-x64.zip,MIT plus bundled third-party notices,https://github.com/ggml-org/llama.cpp/blob/b7798/LICENSE,identical to official archive,A,include llama.cpp MIT copyright/license; inspect statically linked/server components,阻断
vulkan_backend_spike/Qwen3-TTS-GGUF/qwen3_tts_gguf/inference/schema/constants.py,1918,56f20bc1d125aebea50cb745b65a41d51283f35860752f5aac86dfe9a181ac72,qwen3-tts-gguf-source,dc8950d7dd12d0aa9b9f3dda54d82ff2f8b0a4b2,https://github.com/HaujetZhao/Qwen3-TTS-GGUF/tree/dc8950d7dd12d0aa9b9f3dda54d82ff2f8b0a4b2,pending: no root license found in pinned tree,THIRD_PARTY.md and licenses/README.md; pending where stated,26 normalized-equal; inference/llama.py modified,A,obtain applicable grant; nested Qwen/llama licenses do not cover whole repository,阻断
vulkan_backend_spike/Qwen3-TTS-GGUF/qwen3_tts_gguf/inference/schema/protocol.py,1957,a330009cfe07e840ea092b9cf9da276f4642f8d1da09595e3601261d4df9a709,qwen3-tts-gguf-source,dc8950d7dd12d0aa9b9f3dda54d82ff2f8b0a4b2,https://github.com/HaujetZhao/Qwen3-TTS-GGUF/tree/dc8950d7dd12d0aa9b9f3dda54d82ff2f8b0a4b2,pending: no root license found in pinned tree,THIRD_PARTY.md and licenses/README.md; pending where stated,26 normalized-equal; inference/llama.py modified,A,obtain applicable grant; nested Qwen/llama licenses do not cover whole repository,阻断
vulkan_backend_spike/Qwen3-TTS-GGUF/qwen3_tts_gguf/inference/schema/result.py,14776,b0db1d33ad92f3dd0c3726a7a043a536409f8354683a8d78393570a63777248c,qwen3-tts-gguf-source,dc8950d7dd12d0aa9b9f3dda54d82ff2f8b0a4b2,https://github.com/HaujetZhao/Qwen3-TTS-GGUF/tree/dc8950d7dd12d0aa9b9f3dda54d82ff2f8b0a4b2,pending: no root license found in pinned tree,THIRD_PARTY.md and licenses/README.md; pending where stated,26 normalized-equal; inference/llama.py modified,A,obtain applicable grant; nested Qwen/llama licenses do not cover whole repository,阻断
vulkan_backend_spike/Qwen3-TTS-GGUF/qwen3_tts_gguf/inference/schema/__init__.py,21,a7eca2f46a1be688e659b1e38515b494ed0e2119400a630b6fb67718a3b1ed45,qwen3-tts-gguf-source,dc8950d7dd12d0aa9b9f3dda54d82ff2f8b0a4b2,https://github.com/HaujetZhao/Qwen3-TTS-GGUF/tree/dc8950d7dd12d0aa9b9f3dda54d82ff2f8b0a4b2,pending: no root license found in pinned tree,THIRD_PARTY.md and licenses/README.md; pending where stated,26 normalized-equal; inference/llama.py modified,A,obtain applicable grant; nested Qwen/llama licenses do not cover whole repository,阻断
vulkan_backend_spike/Qwen3-TTS-GGUF/qwen3_tts_gguf/inference/utils/audio.py,4459,91fde7de38cd0d6b9f063089b76323f41f65ff391fcbe413d72a328a15635788,qwen3-tts-gguf-source,dc8950d7dd12d0aa9b9f3dda54d82ff2f8b0a4b2,https://github.com/HaujetZhao/Qwen3-TTS-GGUF/tree/dc8950d7dd12d0aa9b9f3dda54d82ff2f8b0a4b2,pending: no root license found in pinned tree,THIRD_PARTY.md and licenses/README.md; pending where stated,26 normalized-equal; inference/llama.py modified,A,obtain applicable grant; nested Qwen/llama licenses do not cover whole repository,阻断
vulkan_backend_spike/Qwen3-TTS-GGUF/qwen3_tts_gguf/inference/utils/mel.py,4257,22a055d2aa493e63e0f9ebe3beb54d9808026f2ac6a98b04494fddbfca959067,qwen3-tts-gguf-source,dc8950d7dd12d0aa9b9f3dda54d82ff2f8b0a4b2,https://github.com/HaujetZhao/Qwen3-TTS-GGUF/tree/dc8950d7dd12d0aa9b9f3dda54d82ff2f8b0a4b2,pending: no root license found in pinned tree,THIRD_PARTY.md and licenses/README.md; pending where stated,26 normalized-equal; inference/llama.py modified,A,obtain applicable grant; nested Qwen/llama licenses do not cover whole repository,阻断
vulkan_backend_spike/Qwen3-TTS-GGUF/qwen3_tts_gguf/inference/utils/__init__.py,0,e3b0c44298fc1c149afbf4c8996fb92427ae41e4649b934ca495991b7852b855,qwen3-tts-gguf-source,dc8950d7dd12d0aa9b9f3dda54d82ff2f8b0a4b2,https://github.com/HaujetZhao/Qwen3-TTS-GGUF/tree/dc8950d7dd12d0aa9b9f3dda54d82ff2f8b0a4b2,pending: no root license found in pinned tree,THIRD_PARTY.md and licenses/README.md; pending where stated,26 normalized-equal; inference/llama.py modified,A,obtain applicable grant; nested Qwen/llama licenses do not cover whole repository,阻断
vulkan_backend_spike/Qwen3-TTS-GGUF/qwen3_tts_gguf/inference/workers/decoder.py,3781,51a7938cc529eb1969677a1b117dcf50f7c84e1f0481d2e6ed1e46dc7f03d146,qwen3-tts-gguf-source,dc8950d7dd12d0aa9b9f3dda54d82ff2f8b0a4b2,https://github.com/HaujetZhao/Qwen3-TTS-GGUF/tree/dc8950d7dd12d0aa9b9f3dda54d82ff2f8b0a4b2,pending: no root license found in pinned tree,THIRD_PARTY.md and licenses/README.md; pending where stated,26 normalized-equal; inference/llama.py modified,A,obtain applicable grant; nested Qwen/llama licenses do not cover whole repository,阻断
vulkan_backend_spike/Qwen3-TTS-GGUF/qwen3_tts_gguf/inference/workers/recorder.py,937,feca2a9c916fc087788e83c5334c1685feda05f33b288fd48b758bf4879716a7,qwen3-tts-gguf-source,dc8950d7dd12d0aa9b9f3dda54d82ff2f8b0a4b2,https://github.com/HaujetZhao/Qwen3-TTS-GGUF/tree/dc8950d7dd12d0aa9b9f3dda54d82ff2f8b0a4b2,pending: no root license found in pinned tree,THIRD_PARTY.md and licenses/README.md; pending where stated,26 normalized-equal; inference/llama.py modified,A,obtain applicable grant; nested Qwen/llama licenses do not cover whole repository,阻断
vulkan_backend_spike/Qwen3-TTS-GGUF/qwen3_tts_gguf/inference/workers/speaker.py,4274,ba3566da9416986a7597bea9a1a191d99b9e34332fad65ce6c92a85f7e4aea92,qwen3-tts-gguf-source,dc8950d7dd12d0aa9b9f3dda54d82ff2f8b0a4b2,https://github.com/HaujetZhao/Qwen3-TTS-GGUF/tree/dc8950d7dd12d0aa9b9f3dda54d82ff2f8b0a4b2,pending: no root license found in pinned tree,THIRD_PARTY.md and licenses/README.md; pending where stated,26 normalized-equal; inference/llama.py modified,A,obtain applicable grant; nested Qwen/llama licenses do not cover whole repository,阻断
vulkan_backend_spike/Qwen3-TTS-GGUF/qwen3_tts_gguf/inference/workers/__init__.py,143,fc3651a16ffe17059314b790a54d5f03d8663cade5423cc197abbbb4f3b4b0e3,qwen3-tts-gguf-source,dc8950d7dd12d0aa9b9f3dda54d82ff2f8b0a4b2,https://github.com/HaujetZhao/Qwen3-TTS-GGUF/tree/dc8950d7dd12d0aa9b9f3dda54d82ff2f8b0a4b2,pending: no root license found in pinned tree,THIRD_PARTY.md and licenses/README.md; pending where stated,26 normalized-equal; inference/llama.py modified,A,obtain applicable grant; nested Qwen/llama licenses do not cover whole repository,阻断
LICENSE,1085,d04ef6fd8683a303c266dec9af2f859c36690bfb069252ac7da21486ab2e4de6,bashi-code-and-docs,0.1.4,project-source-and-release,MIT; third-party portions retain their own terms,THIRD_PARTY.md and licenses/README.md; pending where stated,project-authored-or-assembled,A,retain project LICENSE; embedded manual fonts not yet inventoried,待核实
README.md,16814,752b5a1a9386ab26738e7949e48b066ca22166357aa4d3354c3c68da0f7eaf85,bashi-code-and-docs,0.1.4,project-source-and-release,MIT; third-party portions retain their own terms,THIRD_PARTY.md and licenses/README.md; pending where stated,project-authored-or-assembled,A,retain project LICENSE; embedded manual fonts not yet inventoried,待核实
README_CN.md,16237,45364e04baa1847e9ef50bc02fbc559fa2f0afddbda541ce3548a2abd50707db,bashi-code-and-docs,0.1.4,project-source-and-release,MIT; third-party portions retain their own terms,THIRD_PARTY.md and licenses/README.md; pending where stated,project-authored-or-assembled,A,retain project LICENSE; embedded manual fonts not yet inventoried,待核实
Start_CPU_only_仅CPU启动.bat,347,d4e4d8b166ef18cbeaabb1a4c8389067d5094a3111f34cafe6e8ae1e2f56da2c,bashi-code-and-docs,0.1.4,project-source-and-release,MIT; third-party portions retain their own terms,THIRD_PARTY.md and licenses/README.md; pending where stated,project-authored-or-assembled,A,retain project LICENSE; embedded manual fonts not yet inventoried,待核实
Start_启动.bat,88,af611bbda9d2d1b4ea315aa81b0e64247d5f2e56b647764a7a34e36bf862efb9,bashi-code-and-docs,0.1.4,project-source-and-release,MIT; third-party portions retain their own terms,THIRD_PARTY.md and licenses/README.md; pending where stated,project-authored-or-assembled,A,retain project LICENSE; embedded manual fonts not yet inventoried,待核实
VERSION,6,8a3dad16d348c163566a456fcf650d85d7aeeda5e53d01ee1fa8dc15212915a7,bashi-code-and-docs,0.1.4,project-source-and-release,MIT; third-party portions retain their own terms,THIRD_PARTY.md and licenses/README.md; pending where stated,project-authored-or-assembled,A,retain project LICENSE; embedded manual fonts not yet inventoried,待核实
巴适声工厂隐私版使用手册_Bashi_Voice_Factory_Privacy_Edition_User_Guide.pdf,1834635,3066f0f19d9c278e996ecb68ab83a26452a7dac79173807f9b3a13417269a102,bashi-code-and-docs,0.1.4,project-source-and-release,MIT; third-party portions retain their own terms,THIRD_PARTY.md and licenses/README.md; pending where stated,project-authored-or-assembled,A,retain project LICENSE; embedded manual fonts not yet inventoried,待核实
